OTU_ID,Domian,Kingdom,Phylum,Class,Order,Family,Genus,Species
OTU1,d__Bacteria,k__norank_d__Bacteria,p__Actinomycetota,c__Coriobacteriia,o__Eggerthellales,f__Eggerthellaceae,g__Adlercreutzia,s__Adlercreutzia_murintestinalis
OTU2,d__Bacteria,k__norank_d__Bacteria,p__Bacillota,c__Clostridia,o__Eubacteriales,f__Oscillospiraceae,g__Ruminiclostridium,s__Ruminiclostridium_hungatei
OTU3,d__Bacteria,k__norank_d__Bacteria,p__Bacillota,c__Clostridia,o__Eubacteriales,f__Oscillospiraceae,g__Qingrenia,s__Qingrenia_yutianensis
OTU4,d__Bacteria,k__norank_d__Bacteria,p__Bacillota,c__Clostridia,o__Eubacteriales,f__Oscillospiraceae,g__Petroclostridium,s__Petroclostridium_sp._X23
OTU5,d__Bacteria,k__norank_d__Bacteria,p__Bacillota,c__Clostridia,o__Eubacteriales,f__Clostridiaceae,g__Clostridium,s__Clostridium_sp._Culture-41
OTU6,d__Bacteria,k__norank_d__Bacteria,p__Bacillota,c__norank_p__Bacillota,o__norank_p__Bacillota,f__norank_p__Bacillota,g__norank_p__Bacillota,s__Firmicutes_bacterium_AM59-13
OTU7,d__Bacteria,k__norank_d__Bacteria,p__Bacillota,c__Clostridia,o__Eubacteriales,f__Eubacteriaceae,g__Eubacterium,s__Eubacterium_sp._14-2
OTU8,d__Bacteria,k__norank_d__Bacteria,p__Bacillota,c__Clostridia,o__Eubacteriales,f__Oscillospiraceae,g__Massiliimalia,s__Massiliimalia_massiliensis
OTU9,d__Bacteria,k__norank_d__Bacteria,p__Bacteroidota,c__Bacteroidia,o__Bacteroidales,f__Rikenellaceae,g__Alistipes,s__Alistipes_sp._cv1
OTU10,d__Bacteria,k__norank_d__Bacteria,p__Bacillota,c__Clostridia,o__Eubacteriales,f__Eubacteriaceae,g__Eubacterium,s__Eubacterium_sp._14-2
OTU11,d__Bacteria,k__norank_d__Bacteria,p__Bacillota,c__Clostridia,o__Eubacteriales,f__Lachnospiraceae,g__Roseburia,s__Roseburia_sp._1XD42-69
OTU12,d__Bacteria,k__norank_d__Bacteria,p__Bacteroidota,c__Bacteroidia,o__Bacteroidales,f__Rikenellaceae,g__Alistipes,s__Alistipes_ihumii
OTU13,d__Bacteria,k__norank_d__Bacteria,p__Pseudomonadota,c__Betaproteobacteria,o__Burkholderiales,f__Sutterellaceae,g__Parasutterella,s__Parasutterella_muris
OTU14,d__Bacteria,k__norank_d__Bacteria,p__Bacillota,c__Clostridia,o__Eubacteriales,f__Lachnospiraceae,g__Fusimonas,s__Fusimonas_intestini
OTU15,d__Bacteria,k__norank_d__Bacteria,p__Bacillota,c__Clostridia,o__Eubacteriales,f__Eubacteriales_Family_XIII._Incertae_Sedis,g__Hominibacterium,s__Hominibacterium_faecale
OTU16,d__Bacteria,k__norank_d__Bacteria,p__Pseudomonadota,c__Alphaproteobacteria,o__Rhodospirillales,f__Kiloniellaceae,g__Aestuariispira,s__Aestuariispira_insulae
OTU17,d__Bacteria,k__norank_d__Bacteria,p__Bacillota,c__Clostridia,o__Eubacteriales,f__Clostridiaceae,g__Clostridium,s__Clostridium_sp._KLE_1755
OTU18,d__Bacteria,k__norank_d__Bacteria,p__Bacillota,c__Clostridia,o__Eubacteriales,f__Lachnospiraceae,g__Marvinbryantia,s__Marvinbryantia_formatexigens
OTU19,d__Bacteria,k__norank_d__Bacteria,p__Bacillota,c__Clostridia,o__Eubacteriales,f__Lachnospiraceae,g__norank_f__Lachnospiraceae,s__Lachnospiraceae_bacterium_MD329
OTU20,d__Bacteria,k__norank_d__Bacteria,p__Bacteroidota,c__Bacteroidia,o__Bacteroidales,f__Tannerellaceae,g__Parabacteroides,s__Parabacteroides_distasonis
OTU21,d__Bacteria,k__norank_d__Bacteria,p__Bacillota,c__Clostridia,o__Eubacteriales,f__Oscillospiraceae,g__Caproicibacterium,s__Caproicibacterium_sp._BJN0003
OTU22,d__Bacteria,k__norank_d__Bacteria,p__Bacillota,c__Clostridia,o__Eubacteriales,f__Lachnospiraceae,g__unclassified_f__Lachnospiraceae,s__unclassified_f__Lachnospiraceae
OTU23,d__Bacteria,k__norank_d__Bacteria,p__Bacillota,c__Erysipelotrichia,o__Erysipelotrichales,f__Turicibacteraceae,g__Turicibacter,s__Turicibacter_sp._LA61
OTU24,d__Bacteria,k__norank_d__Bacteria,p__Bacillota,c__Erysipelotrichia,o__Erysipelotrichales,f__Coprobacillaceae,g__Thomasclavelia,s__Thomasclavelia_ramosa
OTU25,d__Bacteria,k__norank_d__Bacteria,p__Bacillota,c__norank_p__Bacillota,o__norank_p__Bacillota,f__norank_p__Bacillota,g__Candidatus_Faecenecus,s__Candidatus_Faecenecus_gallistercoris
OTU26,d__Bacteria,k__norank_d__Bacteria,p__Bacillota,c__Clostridia,o__Eubacteriales,f__Oscillospiraceae,g__Anaerotruncus,s__Anaerotruncus_sp._80
OTU27,d__Bacteria,k__norank_d__Bacteria,p__Bacillota,c__norank_p__Bacillota,o__norank_p__Bacillota,f__norank_p__Bacillota,g__Candidatus_Faecenecus,s__Candidatus_Faecenecus_gallistercoris
OTU28,d__Bacteria,k__norank_d__Bacteria,p__Bacillota,c__Clostridia,o__Eubacteriales,f__Oscillospiraceae,g__Pseudoclostridium,s__Pseudoclostridium_thermosuccinogenes
OTU29,d__Bacteria,k__norank_d__Bacteria,p__Bacillota,c__Erysipelotrichia,o__Erysipelotrichales,f__Erysipelotrichaceae,g__norank_f__Erysipelotrichaceae,s__Erysipelotrichaceae_bacterium_MTC7
OTU30,d__Bacteria,k__norank_d__Bacteria,p__Bacillota,c__Clostridia,o__Eubacteriales,f__Clostridiaceae,g__Clostridium,s__Clostridium_sp._OM05-9BH
OTU31,d__Bacteria,k__norank_d__Bacteria,p__Bacteroidota,c__Bacteroidia,o__Bacteroidales,f__Rikenellaceae,g__Alistipes,s__unclassified_g__Alistipes
OTU32,d__Bacteria,k__norank_d__Bacteria,p__Bacillota,c__Clostridia,o__Eubacteriales,f__Christensenellaceae,g__Christensenella,s__Christensenella_timonensis
OTU33,d__Bacteria,k__norank_d__Bacteria,p__Bacillota,c__Bacilli,o__Bacillales,f__Staphylococcaceae,g__Mammaliicoccus,s__Mammaliicoccus_vitulinus
OTU34,d__Bacteria,k__norank_d__Bacteria,p__Bacillota,c__Clostridia,o__Eubacteriales,f__Clostridiaceae,g__Clostridium,s__Clostridium_sp._OM05-9BH
OTU35,d__Bacteria,k__norank_d__Bacteria,p__Actinomycetota,c__Coriobacteriia,o__Eggerthellales,f__Eggerthellaceae,g__Adlercreutzia,s__Adlercreutzia_agrestimuris
OTU36,d__Bacteria,k__norank_d__Bacteria,p__Bacillota,c__Clostridia,o__Eubacteriales,f__Clostridiaceae,g__Clostridium,s__Clostridium_sp._OM05-9BH
OTU37,d__Bacteria,k__norank_d__Bacteria,p__Bacillota,c__norank_p__Bacillota,o__norank_p__Bacillota,f__norank_p__Bacillota,g__Candidatus_Faecenecus,s__Candidatus_Faecenecus_gallistercoris
OTU38,d__Bacteria,k__norank_d__Bacteria,p__Bacillota,c__Clostridia,o__Eubacteriales,f__Lachnospiraceae,g__Marvinbryantia,s__Marvinbryantia_formatexigens
OTU39,d__Bacteria,k__norank_d__Bacteria,p__Bacillota,c__Clostridia,o__Eubacteriales,f__Lachnospiraceae,g__norank_f__Lachnospiraceae,s__Lachnospiraceae_bacterium_Choco86
OTU40,d__Bacteria,k__norank_d__Bacteria,p__Bacillota,c__Clostridia,o__Eubacteriales,f__Clostridiaceae,g__Clostridium,s__Clostridium_sp._OM05-9BH
OTU41,d__Bacteria,k__norank_d__Bacteria,p__Bacillota,c__Clostridia,o__Eubacteriales,f__Lachnospiraceae,g__Marvinbryantia,s__Marvinbryantia_formatexigens
OTU42,d__Bacteria,k__norank_d__Bacteria,p__Bacillota,c__Clostridia,o__Eubacteriales,f__Lachnospiraceae,g__norank_f__Lachnospiraceae,s__Lachnospiraceae_bacterium_M18-1
OTU43,d__Bacteria,k__norank_d__Bacteria,p__Bacillota,c__Clostridia,o__Eubacteriales,f__Clostridiaceae,g__Clostridium,s__Clostridium_sp._BNL1100
OTU44,d__Bacteria,k__norank_d__Bacteria,p__Mycoplasmatota,c__Mollicutes,o__Entomoplasmatales,f__Spiroplasmataceae,g__Spiroplasma,s__Spiroplasma_chrysopicola
OTU45,d__Bacteria,k__norank_d__Bacteria,p__Bacteroidota,c__Bacteroidia,o__Bacteroidales,f__Rikenellaceae,g__Alistipes,s__Alistipes_finegoldii
OTU46,d__Bacteria,k__norank_d__Bacteria,p__Bacillota,c__Clostridia,o__Eubacteriales,f__Lachnospiraceae,g__Diplocloster,s__Diplocloster_agilis
OTU47,d__Bacteria,k__norank_d__Bacteria,p__Bacillota,c__Clostridia,o__Eubacteriales,f__Oscillospiraceae,g__Pseudoclostridium,s__Pseudoclostridium_thermosuccinogenes
OTU48,d__Bacteria,k__norank_d__Bacteria,p__Bacillota,c__Clostridia,o__Eubacteriales,f__Oscillospiraceae,g__Acetivibrio,s__Acetivibrio_cellulolyticus
OTU49,d__Bacteria,k__norank_d__Bacteria,p__Bacillota,c__Clostridia,o__Eubacteriales,f__Clostridiaceae,g__Clostridium,s__Clostridium_sp._MD294
OTU50,d__Bacteria,k__norank_d__Bacteria,p__Bacillota,c__Clostridia,o__Eubacteriales,f__Eubacteriaceae,g__Eubacterium,s__Eubacterium_sp._14-2
OTU51,d__Bacteria,k__norank_d__Bacteria,p__Bacillota,c__Clostridia,o__Eubacteriales,f__Clostridiaceae,g__Clostridium,s__Clostridium_sp._AF36-4
OTU52,d__Bacteria,k__norank_d__Bacteria,p__Pseudomonadota,c__Gammaproteobacteria,o__Enterobacterales,f__Enterobacteriaceae,g__Escherichia,s__Escherichia_coli
OTU53,d__Bacteria,k__norank_d__Bacteria,p__norank_d__Bacteria,c__norank_d__Bacteria,o__norank_d__Bacteria,f__norank_d__Bacteria,g__norank_d__Bacteria,s__bacterium_1XD42-54
OTU54,d__Bacteria,k__norank_d__Bacteria,p__Bacillota,c__Clostridia,o__Eubacteriales,f__Lachnospiraceae,g__Lachnoclostridium,s__Lachnoclostridium_edouardi
OTU55,d__Bacteria,k__norank_d__Bacteria,p__Bacillota,c__Clostridia,o__Eubacteriales,f__Clostridiaceae,g__Clostridium,s__Clostridium_sp._Clone-1
OTU56,d__Bacteria,k__norank_d__Bacteria,p__Candidatus_Melainabacteria,c__norank_p__Candidatus_Melainabacteria,o__Candidatus_Gastranaerophilales,f__norank_o__Candidatus_Gastranaerophilales,g__norank_o__Candidatus_Gastranaerophilales,s__Candidatus_Gastranaerophilales_bacterium_HUM_6
OTU57,d__Bacteria,k__norank_d__Bacteria,p__Bacillota,c__Clostridia,o__Eubacteriales,f__Oscillospiraceae,g__Acutalibacter,s__Acutalibacter_sp._1XD8-36
OTU58,d__Bacteria,k__norank_d__Bacteria,p__Bacillota,c__Bacilli,o__Lactobacillales,f__Streptococcaceae,g__Lactococcus,s__Lactococcus_formosensis
OTU59,d__Bacteria,k__norank_d__Bacteria,p__Bacillota,c__Clostridia,o__Eubacteriales,f__Eubacteriaceae,g__Eubacterium,s__Eubacterium_sp._14-2
OTU60,d__Bacteria,k__norank_d__Bacteria,p__Bacillota,c__Clostridia,o__Eubacteriales,f__Lachnospiraceae,g__Lachnoclostridium,s__Lachnoclostridium_edouardi
OTU61,d__Bacteria,k__norank_d__Bacteria,p__Bacillota,c__Clostridia,o__Eubacteriales,f__Oscillospiraceae,g__Acetivibrio,s__Acetivibrio_aldrichii
OTU62,d__Bacteria,k__norank_d__Bacteria,p__Mycoplasmatota,c__Mollicutes,o__Entomoplasmatales,f__Spiroplasmataceae,g__Spiroplasma,s__Spiroplasma_phoeniceum
OTU63,d__Bacteria,k__norank_d__Bacteria,p__Bacillota,c__Clostridia,o__Eubacteriales,f__Christensenellaceae,g__Guopingia,s__Guopingia_tenuis
OTU64,d__Bacteria,k__norank_d__Bacteria,p__Bacillota,c__norank_p__Bacillota,o__norank_p__Bacillota,f__norank_p__Bacillota,g__Candidatus_Faecenecus,s__Candidatus_Faecenecus_gallistercoris
OTU65,d__Bacteria,k__norank_d__Bacteria,p__Bacillota,c__Clostridia,o__Eubacteriales,f__Lachnospiraceae,g__unclassified_f__Lachnospiraceae,s__unclassified_f__Lachnospiraceae
OTU66,d__Bacteria,k__norank_d__Bacteria,p__Bacillota,c__Clostridia,o__Eubacteriales,f__Lachnospiraceae,g__Lachnoclostridium,s__Lachnoclostridium_edouardi
OTU67,d__Bacteria,k__norank_d__Bacteria,p__Bacillota,c__Clostridia,o__Eubacteriales,f__Aristaeellaceae,g__Aristaeella,s__Aristaeella_lactis
OTU68,d__Bacteria,k__norank_d__Bacteria,p__Bacillota,c__Clostridia,o__Eubacteriales,f__Lachnospiraceae,g__Laedolimicola,s__Laedolimicola_ammoniilytica
OTU69,d__Bacteria,k__norank_d__Bacteria,p__Bacillota,c__Clostridia,o__Eubacteriales,f__Lachnospiraceae,g__Roseburia,s__Roseburia_sp._1XD42-69
OTU70,d__Bacteria,k__norank_d__Bacteria,p__Bacillota,c__Clostridia,o__Eubacteriales,f__Clostridiaceae,g__Clostridium,s__Clostridium_sp._Clone-26
OTU71,d__Bacteria,k__norank_d__Bacteria,p__Bacillota,c__Bacilli,o__Lactobacillales,f__Lactobacillaceae,g__Limosilactobacillus,s__Limosilactobacillus_reuteri
OTU72,d__Bacteria,k__norank_d__Bacteria,p__Candidatus_Saccharibacteria,c__norank_p__Candidatus_Saccharibacteria,o__norank_p__Candidatus_Saccharibacteria,f__norank_p__Candidatus_Saccharibacteria,g__norank_p__Candidatus_Saccharibacteria,s__unclassified_g__norank_p__Candidatus_Saccharibacteria
OTU73,d__Bacteria,k__norank_d__Bacteria,p__Bacillota,c__Clostridia,o__Eubacteriales,f__Oscillospiraceae,g__Pseudoclostridium,s__Pseudoclostridium_thermosuccinogenes
OTU74,d__Bacteria,k__norank_d__Bacteria,p__norank_d__Bacteria,c__norank_d__Bacteria,o__norank_d__Bacteria,f__norank_d__Bacteria,g__norank_d__Bacteria,s__bacterium_1xD8-48
OTU75,d__Bacteria,k__norank_d__Bacteria,p__Bacillota,c__Clostridia,o__Eubacteriales,f__unclassified_o__Eubacteriales,g__unclassified_o__Eubacteriales,s__unclassified_o__Eubacteriales
OTU76,d__Bacteria,k__norank_d__Bacteria,p__Bacteroidota,c__Bacteroidia,o__Bacteroidales,f__Muribaculaceae,g__Paramuribaculum,s__Paramuribaculum_intestinale
OTU77,d__Bacteria,k__norank_d__Bacteria,p__Bacteroidota,c__Bacteroidia,o__Bacteroidales,f__Bacteroidaceae,g__Bacteroides,s__Bacteroides_acidifaciens
OTU78,d__Bacteria,k__norank_d__Bacteria,p__Bacillota,c__Clostridia,o__Eubacteriales,f__Oscillospiraceae,g__Neglectibacter,s__Neglectibacter_sp._X58
OTU79,d__Bacteria,k__norank_d__Bacteria,p__Bacillota,c__Clostridia,o__Eubacteriales,f__Oscillospiraceae,g__Pseudoflavonifractor,s__Pseudoflavonifractor_sp._An184
OTU80,d__Bacteria,k__norank_d__Bacteria,p__Bacillota,c__Clostridia,o__Eubacteriales,f__Clostridiaceae,g__Butyricicoccus,s__Butyricicoccus_sp._Marseille-Q5471
OTU81,d__Bacteria,k__norank_d__Bacteria,p__Bacillota,c__Clostridia,o__Eubacteriales,f__Eubacteriaceae,g__norank_f__Eubacteriaceae,s__Eubacteriaceae_bacterium_Marseille-Q4139
OTU82,d__Bacteria,k__norank_d__Bacteria,p__Bacillota,c__Clostridia,o__Eubacteriales,f__norank_o__Eubacteriales,g__norank_o__Eubacteriales,s__Clostridiales_bacterium_CIEAF_022
OTU83,d__Bacteria,k__norank_d__Bacteria,p__Bacillota,c__Clostridia,o__Eubacteriales,f__Clostridiaceae,g__Butyricicoccus,s__Butyricicoccus_sp._Marseille-Q5471
OTU84,d__Bacteria,k__norank_d__Bacteria,p__Bacillota,c__Clostridia,o__Eubacteriales,f__Oscillospiraceae,g__Pseudoclostridium,s__Pseudoclostridium_thermosuccinogenes
OTU85,d__Bacteria,k__norank_d__Bacteria,p__Bacillota,c__Clostridia,o__Eubacteriales,f__Clostridiaceae,g__norank_f__Clostridiaceae,s__Clostridiaceae_bacterium_MS3
OTU86,d__Bacteria,k__norank_d__Bacteria,p__Bacillota,c__Clostridia,o__Eubacteriales,f__Lachnospiraceae,g__Kineothrix,s__Kineothrix_alysoides
OTU87,d__Bacteria,k__norank_d__Bacteria,p__Bacillota,c__Clostridia,o__Eubacteriales,f__Eubacteriaceae,g__Eubacterium,s__Eubacterium_sp._14-2
OTU88,d__Bacteria,k__norank_d__Bacteria,p__Bacillota,c__Clostridia,o__Eubacteriales,f__Lachnospiraceae,g__Blautia,s__Blautia_sp._MCC289
OTU89,d__Bacteria,k__norank_d__Bacteria,p__Bacteroidota,c__Bacteroidia,o__Bacteroidales,f__Porphyromonadaceae,g__norank_f__Porphyromonadaceae,s__Porphyromonadaceae_bacterium_UBA7139
OTU90,d__Bacteria,k__norank_d__Bacteria,p__Bacillota,c__Clostridia,o__Eubacteriales,f__Lachnospiraceae,g__Acetatifactor,s__Acetatifactor_muris
OTU91,d__Bacteria,k__norank_d__Bacteria,p__Bacillota,c__Clostridia,o__Eubacteriales,f__norank_o__Eubacteriales,g__Gemmiger,s__unclassified_g__Gemmiger
OTU92,d__Bacteria,k__norank_d__Bacteria,p__Bacteroidota,c__Bacteroidia,o__Bacteroidales,f__Odoribacteraceae,g__Odoribacter,s__Odoribacter_sp._Z80
OTU93,d__Bacteria,k__norank_d__Bacteria,p__Bacillota,c__Clostridia,o__Eubacteriales,f__Lachnospiraceae,g__Marvinbryantia,s__Marvinbryantia_formatexigens
OTU94,d__Bacteria,k__norank_d__Bacteria,p__Bacillota,c__Clostridia,o__Eubacteriales,f__Lachnospiraceae,g__Lacrimispora,s__unclassified_g__Lacrimispora
OTU95,d__Bacteria,k__norank_d__Bacteria,p__Thermodesulfobacteriota,c__Desulfovibrionia,o__Desulfovibrionales,f__Desulfovibrionaceae,g__Mailhella,s__Mailhella_massiliensis
OTU96,d__Bacteria,k__norank_d__Bacteria,p__Bacillota,c__Bacilli,o__Lactobacillales,f__Lactobacillaceae,g__Lactobacillus,s__Lactobacillus_intestinalis
OTU97,d__Bacteria,k__norank_d__Bacteria,p__Bacillota,c__Clostridia,o__Eubacteriales,f__norank_o__Eubacteriales,g__Intestinimonas,s__Intestinimonas_butyriciproducens
OTU98,d__Bacteria,k__norank_d__Bacteria,p__Bacillota,c__Clostridia,o__Eubacteriales,f__norank_o__Eubacteriales,g__norank_o__Eubacteriales,s__Clostridiales_bacterium_CIEAF_021
OTU99,d__Bacteria,k__norank_d__Bacteria,p__Bacteroidota,c__Bacteroidia,o__Bacteroidales,f__Bacteroidaceae,g__Bacteroides,s__Bacteroides_faecichinchillae
OTU100,d__Bacteria,k__norank_d__Bacteria,p__Bacillota,c__Clostridia,o__Eubacteriales,f__Oscillospiraceae,g__Merdimmobilis,s__Merdimmobilis_hominis
OTU101,d__Bacteria,k__norank_d__Bacteria,p__Bacteroidota,c__Bacteroidia,o__Bacteroidales,f__Muribaculaceae,g__Paramuribaculum,s__Paramuribaculum_intestinale
OTU102,d__Bacteria,k__norank_d__Bacteria,p__Candidatus_Saccharibacteria,c__norank_p__Candidatus_Saccharibacteria,o__norank_p__Candidatus_Saccharibacteria,f__norank_p__Candidatus_Saccharibacteria,g__norank_p__Candidatus_Saccharibacteria,s__unclassified_g__norank_p__Candidatus_Saccharibacteria
OTU103,d__Bacteria,k__norank_d__Bacteria,p__Bacillota,c__Clostridia,o__Eubacteriales,f__Lachnospiraceae,g__unclassified_f__Lachnospiraceae,s__unclassified_f__Lachnospiraceae
OTU104,d__Bacteria,k__norank_d__Bacteria,p__Bacillota,c__Clostridia,o__Eubacteriales,f__norank_o__Eubacteriales,g__norank_o__Eubacteriales,s__Clostridiales_bacterium_CIEAF_021
OTU105,d__Bacteria,k__norank_d__Bacteria,p__Bacillota,c__Erysipelotrichia,o__Erysipelotrichales,f__Erysipelotrichaceae,g__norank_f__Erysipelotrichaceae,s__Erysipelotrichaceae_bacterium_OPF54
OTU106,d__Bacteria,k__norank_d__Bacteria,p__Bacillota,c__Clostridia,o__Eubacteriales,f__Oscillospiraceae,g__Anaerotruncus,s__Anaerotruncus_sp._80
OTU107,d__Bacteria,k__norank_d__Bacteria,p__Bacillota,c__Clostridia,o__Eubacteriales,f__Lachnospiraceae,g__Fusimonas,s__Fusimonas_intestini
OTU108,d__Bacteria,k__norank_d__Bacteria,p__Bacillota,c__Clostridia,o__Eubacteriales,f__Lachnospiraceae,g__Lachnoclostridium,s__Lachnoclostridium_sp._YL32
OTU109,d__Bacteria,k__norank_d__Bacteria,p__Bacillota,c__Clostridia,o__Eubacteriales,f__Oscillospiraceae,g__Pseudoclostridium,s__Pseudoclostridium_thermosuccinogenes
OTU110,d__Bacteria,k__norank_d__Bacteria,p__Bacillota,c__Clostridia,o__Eubacteriales,f__Lachnospiraceae,g__Enterocloster,s__Enterocloster_clostridioformis
OTU111,d__Bacteria,k__norank_d__Bacteria,p__Bacillota,c__Bacilli,o__Lactobacillales,f__Streptococcaceae,g__Streptococcus,s__Streptococcus_oralis
OTU112,d__Bacteria,k__norank_d__Bacteria,p__Bacillota,c__Clostridia,o__Eubacteriales,f__Lachnospiraceae,g__Anaerocolumna,s__Anaerocolumna_cellulosilytica
OTU113,d__Bacteria,k__norank_d__Bacteria,p__Bacteroidota,c__Bacteroidia,o__Bacteroidales,f__Muribaculaceae,g__Duncaniella,s__Duncaniella_muris
OTU114,d__Bacteria,k__norank_d__Bacteria,p__Bacillota,c__Clostridia,o__Eubacteriales,f__Lachnospiraceae,g__Fusimonas,s__Fusimonas_intestini
OTU115,d__Bacteria,k__norank_d__Bacteria,p__Bacillota,c__Clostridia,o__Eubacteriales,f__Oscillospiraceae,g__Vescimonas,s__Vescimonas_coprocola
OTU116,d__Bacteria,k__norank_d__Bacteria,p__Bacteroidota,c__Bacteroidia,o__Bacteroidales,f__Rikenellaceae,g__Alistipes,s__Alistipes_sp._CHKCI003
OTU117,d__Bacteria,k__norank_d__Bacteria,p__Bacillota,c__Clostridia,o__Eubacteriales,f__Eubacteriaceae,g__Eubacterium,s__Eubacterium_plexicaudatum
OTU118,d__Bacteria,k__norank_d__Bacteria,p__Bacillota,c__Clostridia,o__Eubacteriales,f__Clostridiaceae,g__Clostridium,s__Clostridium_sp._Clone-49
OTU119,d__Bacteria,k__norank_d__Bacteria,p__Bacillota,c__Clostridia,o__Eubacteriales,f__Oscillospiraceae,g__Petroclostridium,s__Petroclostridium_xylanilyticum
OTU120,d__Bacteria,k__norank_d__Bacteria,p__Bacteroidota,c__Bacteroidia,o__Bacteroidales,f__Porphyromonadaceae,g__norank_f__Porphyromonadaceae,s__Porphyromonadaceae_bacterium_UBA7139
OTU121,d__Bacteria,k__norank_d__Bacteria,p__Bacillota,c__Clostridia,o__Eubacteriales,f__Oscillospiraceae,g__norank_f__Oscillospiraceae,s__Eubacterium_siraeum
OTU122,d__Bacteria,k__norank_d__Bacteria,p__Bacillota,c__Clostridia,o__Eubacteriales,f__Lachnospiraceae,g__Kineothrix,s__Kineothrix_sp._MB12-C1
OTU123,d__Bacteria,k__norank_d__Bacteria,p__Bacillota,c__Clostridia,o__Eubacteriales,f__Oscillospiraceae,g__unclassified_f__Oscillospiraceae,s__unclassified_f__Oscillospiraceae
OTU124,d__Bacteria,k__norank_d__Bacteria,p__Bacillota,c__Erysipelotrichia,o__Erysipelotrichales,f__Erysipelotrichaceae,g__norank_f__Erysipelotrichaceae,s__Erysipelotrichaceae_bacterium_MTC7
OTU125,d__Bacteria,k__norank_d__Bacteria,p__Bacillota,c__Clostridia,o__Eubacteriales,f__Oscillospiraceae,g__Acetivibrio,s__Acetivibrio_cellulolyticus
OTU126,d__Bacteria,k__norank_d__Bacteria,p__Bacillota,c__Clostridia,o__Eubacteriales,f__Lachnospiraceae,g__Kineothrix,s__Kineothrix_alysoides
OTU127,d__Bacteria,k__norank_d__Bacteria,p__Bacillota,c__Clostridia,o__Eubacteriales,f__Lachnospiraceae,g__Enterocloster,s__Enterocloster_clostridioformis
OTU128,d__Bacteria,k__norank_d__Bacteria,p__Bacteroidota,c__Bacteroidia,o__Bacteroidales,f__Porphyromonadaceae,g__norank_f__Porphyromonadaceae,s__Porphyromonadaceae_bacterium_UBA7139
OTU129,d__Bacteria,k__norank_d__Bacteria,p__Bacillota,c__Clostridia,o__Eubacteriales,f__Oscillospiraceae,g__Angelakisella,s__Angelakisella_massiliensis
OTU130,d__Bacteria,k__norank_d__Bacteria,p__Bacillota,c__Clostridia,o__Eubacteriales,f__Oscillospiraceae,g__Pseudoflavonifractor,s__Pseudoflavonifractor_sp._An44
OTU131,d__Bacteria,k__norank_d__Bacteria,p__Bacillota,c__Clostridia,o__Eubacteriales,f__Peptococcaceae,g__Peptococcus,s__Peptococcus_sp._canine_oral_taxon_044
OTU132,d__Bacteria,k__norank_d__Bacteria,p__Bacillota,c__Clostridia,o__Eubacteriales,f__Eubacteriales_Family_XIII._Incertae_Sedis,g__Hominibacterium,s__Hominibacterium_faecale
OTU133,d__Bacteria,k__norank_d__Bacteria,p__Bacillota,c__Clostridia,o__Eubacteriales,f__Oscillospiraceae,g__norank_f__Oscillospiraceae,s__Eubacterium_siraeum
OTU134,d__Bacteria,k__norank_d__Bacteria,p__Bacillota,c__Bacilli,o__Bacillales,f__Staphylococcaceae,g__Staphylococcus,s__Staphylococcus_xylosus
OTU135,d__Bacteria,k__norank_d__Bacteria,p__Bacillota,c__Clostridia,o__Eubacteriales,f__Clostridiaceae,g__unclassified_f__Clostridiaceae,s__unclassified_f__Clostridiaceae
OTU136,d__Bacteria,k__norank_d__Bacteria,p__Actinomycetota,c__Coriobacteriia,o__Eggerthellales,f__Eggerthellaceae,g__Adlercreutzia,s__Adlercreutzia_murintestinalis
OTU137,d__Bacteria,k__norank_d__Bacteria,p__Candidatus_Melainabacteria,c__norank_p__Candidatus_Melainabacteria,o__Candidatus_Gastranaerophilales,f__norank_o__Candidatus_Gastranaerophilales,g__norank_o__Candidatus_Gastranaerophilales,s__unclassified_g__norank_o__Candidatus_Gastranaerophilales
OTU138,d__Bacteria,k__norank_d__Bacteria,p__Actinomycetota,c__Coriobacteriia,o__Eggerthellales,f__Eggerthellaceae,g__Adlercreutzia,s__Adlercreutzia_sp._ZJ304
OTU139,d__Bacteria,k__norank_d__Bacteria,p__Bacillota,c__Clostridia,o__Eubacteriales,f__Oscillospiraceae,g__Ruthenibacterium,s__Ruthenibacterium_lactatiformans
OTU140,d__Bacteria,k__norank_d__Bacteria,p__Bacillota,c__Clostridia,o__Eubacteriales,f__Clostridiaceae,g__Clostridium,s__Clostridium_sp._AF36-4
OTU141,d__Bacteria,k__norank_d__Bacteria,p__Bacillota,c__norank_p__Bacillota,o__norank_p__Bacillota,f__norank_p__Bacillota,g__norank_p__Bacillota,s__Firmicutes_bacterium_AM59-13
OTU142,d__Bacteria,k__norank_d__Bacteria,p__Bacteroidota,c__Sphingobacteriia,o__Sphingobacteriales,f__Sphingobacteriaceae,g__Parapedobacter,s__Parapedobacter_pyrenivorans
OTU143,d__Bacteria,k__norank_d__Bacteria,p__Bacillota,c__Clostridia,o__Eubacteriales,f__Oscillospiraceae,g__Acetivibrio,s__Acetivibrio_cellulolyticus
OTU144,d__Bacteria,k__norank_d__Bacteria,p__Bacteroidota,c__Bacteroidia,o__Bacteroidales,f__Bacteroidaceae,g__Bacteroides,s__Bacteroides_caecimuris
OTU145,d__Bacteria,k__norank_d__Bacteria,p__Bacillota,c__Clostridia,o__Eubacteriales,f__Clostridiaceae,g__Clostridium,s__Clostridium_sp._AF36-4
OTU146,d__Bacteria,k__norank_d__Bacteria,p__Bacillota,c__Clostridia,o__Eubacteriales,f__Lachnospiraceae,g__Lachnoclostridium,s__Lachnoclostridium_edouardi
OTU147,d__Bacteria,k__norank_d__Bacteria,p__Bacillota,c__Clostridia,o__Eubacteriales,f__Clostridiaceae,g__Clostridium,s__Clostridium_sp._Clone-26
OTU148,d__Bacteria,k__norank_d__Bacteria,p__Bacillota,c__Clostridia,o__Eubacteriales,f__Oscillospiraceae,g__Monoglobus,s__Monoglobus_pectinilyticus
OTU149,d__Bacteria,k__norank_d__Bacteria,p__Bacillota,c__Clostridia,o__Eubacteriales,f__Lachnospiraceae,g__Enterocloster,s__unclassified_g__Enterocloster
OTU150,d__Bacteria,k__norank_d__Bacteria,p__Actinomycetota,c__Coriobacteriia,o__Eggerthellales,f__Eggerthellaceae,g__Adlercreutzia,s__Adlercreutzia_murintestinalis
OTU151,d__Bacteria,k__norank_d__Bacteria,p__Bacteroidota,c__Bacteroidia,o__Bacteroidales,f__Prevotellaceae,g__Prevotella,s__Xylanibacter_rodentium
OTU152,d__Bacteria,k__norank_d__Bacteria,p__Bacillota,c__Clostridia,o__Eubacteriales,f__Eubacteriaceae,g__Eubacterium,s__Eubacterium_plexicaudatum
OTU153,d__Bacteria,k__norank_d__Bacteria,p__Bacillota,c__Clostridia,o__Eubacteriales,f__Eubacteriaceae,g__Eubacterium,s__Eubacterium_sp._14-2
OTU154,d__Bacteria,k__norank_d__Bacteria,p__Bacillota,c__Clostridia,o__Eubacteriales,f__Oscillospiraceae,g__Vescimonas,s__Vescimonas_fastidiosa
OTU155,d__Bacteria,k__norank_d__Bacteria,p__Bacillota,c__Bacilli,o__Lactobacillales,f__Lactobacillaceae,g__Ligilactobacillus,s__Ligilactobacillus_murinus
OTU156,d__Bacteria,k__norank_d__Bacteria,p__Bacteroidota,c__Bacteroidia,o__Bacteroidales,f__Muribaculaceae,g__Duncaniella,s__Duncaniella_dubosii
OTU157,d__Bacteria,k__norank_d__Bacteria,p__Bacillota,c__Clostridia,o__Eubacteriales,f__Clostridiaceae,g__Clostridium,s__Clostridium_sp._Culture-41
OTU158,d__Bacteria,k__norank_d__Bacteria,p__Bacillota,c__Clostridia,o__Eubacteriales,f__Oscillospiraceae,g__unclassified_f__Oscillospiraceae,s__unclassified_f__Oscillospiraceae
OTU159,d__Bacteria,k__norank_d__Bacteria,p__Bacteroidota,c__Bacteroidia,o__Bacteroidales,f__Muribaculaceae,g__Muribaculum,s__Muribaculum_intestinale
OTU160,d__Bacteria,k__norank_d__Bacteria,p__Bacillota,c__Clostridia,o__Eubacteriales,f__Oscillospiraceae,g__Neglectibacter,s__Neglectibacter_timonensis
OTU161,d__Bacteria,k__norank_d__Bacteria,p__Bacillota,c__Clostridia,o__Eubacteriales,f__Lachnospiraceae,g__unclassified_f__Lachnospiraceae,s__unclassified_f__Lachnospiraceae
OTU162,d__Bacteria,k__norank_d__Bacteria,p__Bacteroidota,c__Bacteroidia,o__Bacteroidales,f__Muribaculaceae,g__Paramuribaculum,s__Paramuribaculum_intestinale
OTU163,d__Bacteria,k__norank_d__Bacteria,p__Deferribacterota,c__Deferribacteres,o__Deferribacterales,f__Mucispirillaceae,g__Mucispirillum,s__Mucispirillum_schaedleri
OTU164,d__Bacteria,k__norank_d__Bacteria,p__Bacteroidota,c__Bacteroidia,o__Bacteroidales,f__Muribaculaceae,g__Muribaculum,s__Muribaculum_gordoncarteri
OTU165,d__Bacteria,k__norank_d__Bacteria,p__Bacillota,c__Clostridia,o__Eubacteriales,f__Lachnospiraceae,g__Marvinbryantia,s__Marvinbryantia_formatexigens
OTU166,d__Bacteria,k__norank_d__Bacteria,p__Actinomycetota,c__Coriobacteriia,o__Eggerthellales,f__Eggerthellaceae,g__Adlercreutzia,s__Adlercreutzia_mucosicola
OTU167,d__Bacteria,k__norank_d__Bacteria,p__Bacillota,c__Clostridia,o__Eubacteriales,f__Clostridiaceae,g__unclassified_f__Clostridiaceae,s__unclassified_f__Clostridiaceae
OTU168,d__Bacteria,k__norank_d__Bacteria,p__Bacillota,c__Clostridia,o__Eubacteriales,f__Lachnospiraceae,g__Kineothrix,s__Kineothrix_alysoides
OTU169,d__Bacteria,k__norank_d__Bacteria,p__Bacillota,c__Clostridia,o__Eubacteriales,f__Clostridiaceae,g__Clostridium,s__Clostridium_transplantifaecale
OTU170,d__Bacteria,k__norank_d__Bacteria,p__Bacillota,c__Clostridia,o__Eubacteriales,f__Oscillospiraceae,g__Congzhengia,s__Congzhengia_minquanensis
OTU171,d__Bacteria,k__norank_d__Bacteria,p__Bacillota,c__Clostridia,o__Eubacteriales,f__Clostridiaceae,g__Clostridium,s__Clostridium_sp._Culture-41
OTU172,d__Bacteria,k__norank_d__Bacteria,p__Bacillota,c__Clostridia,o__Eubacteriales,f__Lachnospiraceae,g__Faecalicatena,s__Faecalicatena_orotica
OTU173,d__Bacteria,k__norank_d__Bacteria,p__Bacteroidota,c__Bacteroidia,o__Bacteroidales,f__Porphyromonadaceae,g__norank_f__Porphyromonadaceae,s__Porphyromonadaceae_bacterium_UBA7139
OTU174,d__Bacteria,k__norank_d__Bacteria,p__norank_d__Bacteria,c__norank_d__Bacteria,o__norank_d__Bacteria,f__norank_d__Bacteria,g__norank_d__Bacteria,s__bacterium_1XD8-76
OTU175,d__Bacteria,k__norank_d__Bacteria,p__Bacillota,c__Clostridia,o__Eubacteriales,f__Oscillospiraceae,g__Zongyangia,s__Zongyangia_hominis
OTU176,d__Bacteria,k__norank_d__Bacteria,p__Bacillota,c__Clostridia,o__Eubacteriales,f__Lachnospiraceae,g__Kineothrix,s__unclassified_g__Kineothrix
OTU177,d__Bacteria,k__norank_d__Bacteria,p__Bacillota,c__Clostridia,o__Moorellales,f__Moorellaceae,g__Moorella,s__Moorella_glycerini
OTU178,d__Bacteria,k__norank_d__Bacteria,p__Bacillota,c__Clostridia,o__Eubacteriales,f__Lachnospiraceae,g__Lachnoclostridium,s__Lachnoclostridium_sp._MSJ-17
OTU179,d__Bacteria,k__norank_d__Bacteria,p__Bacteroidota,c__Bacteroidia,o__Bacteroidales,f__Muribaculaceae,g__Duncaniella,s__Duncaniella_dubosii
OTU180,d__Bacteria,k__norank_d__Bacteria,p__Bacillota,c__Clostridia,o__Eubacteriales,f__Lachnospiraceae,g__norank_f__Lachnospiraceae,s__Lachnospiraceae_bacterium_M18-1
OTU181,d__Bacteria,k__norank_d__Bacteria,p__Bacillota,c__Erysipelotrichia,o__Erysipelotrichales,f__Erysipelotrichaceae,g__Faecalibaculum,s__Faecalibaculum_rodentium
OTU182,d__Bacteria,k__norank_d__Bacteria,p__norank_d__Bacteria,c__norank_d__Bacteria,o__norank_d__Bacteria,f__norank_d__Bacteria,g__norank_d__Bacteria,s__bacterium_1XD8-76
OTU183,d__Bacteria,k__norank_d__Bacteria,p__Bacillota,c__Clostridia,o__Eubacteriales,f__Oscillospiraceae,g__Acetivibrio,s__Acetivibrio_mesophilus
OTU184,d__Bacteria,k__norank_d__Bacteria,p__Bacillota,c__Clostridia,o__Eubacteriales,f__Oscillospiraceae,g__unclassified_f__Oscillospiraceae,s__unclassified_f__Oscillospiraceae
OTU185,d__Bacteria,k__norank_d__Bacteria,p__Bacteroidota,c__Bacteroidia,o__Bacteroidales,f__Muribaculaceae,g__Muribaculum,s__Muribaculum_intestinale
OTU186,d__Bacteria,k__norank_d__Bacteria,p__Bacillota,c__Clostridia,o__Eubacteriales,f__Oscillospiraceae,g__Hydrogeniiclostridium,s__Hydrogeniiclostridium_mannosilyticum
OTU187,d__Bacteria,k__norank_d__Bacteria,p__Bacillota,c__Clostridia,o__Eubacteriales,f__Lachnospiraceae,g__Roseburia,s__Roseburia_hominis
OTU188,d__Bacteria,k__norank_d__Bacteria,p__Actinomycetota,c__Coriobacteriia,o__Coriobacteriales,f__Atopobiaceae,g__Leptogranulimonas,s__Leptogranulimonas_caecicola
OTU189,d__Bacteria,k__norank_d__Bacteria,p__Bacillota,c__Bacilli,o__Lactobacillales,f__Aerococcaceae,g__Aerococcus,s__Aerococcus_urinaeequi
OTU190,d__Bacteria,k__norank_d__Bacteria,p__Bacillota,c__Clostridia,o__Eubacteriales,f__Oscillospiraceae,g__Anaeromassilibacillus,s__Anaeromassilibacillus_senegalensis
OTU191,d__Bacteria,k__norank_d__Bacteria,p__Bacillota,c__Clostridia,o__Eubacteriales,f__unclassified_o__Eubacteriales,g__unclassified_o__Eubacteriales,s__unclassified_o__Eubacteriales
OTU192,d__Bacteria,k__norank_d__Bacteria,p__Bacillota,c__Erysipelotrichia,o__Erysipelotrichales,f__Erysipelotrichaceae,g__Ileibacterium,s__Ileibacterium_valens
OTU193,d__Bacteria,k__norank_d__Bacteria,p__Bacteroidota,c__Bacteroidia,o__Bacteroidales,f__Prevotellaceae,g__Prevotella,s__Prevotella_rara
OTU194,d__Bacteria,k__norank_d__Bacteria,p__Bacillota,c__Clostridia,o__Eubacteriales,f__Clostridiaceae,g__Clostridium,s__Clostridium_facile
OTU195,d__Bacteria,k__norank_d__Bacteria,p__Bacillota,c__Clostridia,o__Eubacteriales,f__Oscillospiraceae,g__Huintestinicola,s__Huintestinicola_butyrica
OTU196,d__Bacteria,k__norank_d__Bacteria,p__Bacillota,c__Clostridia,o__Eubacteriales,f__Lachnospiraceae,g__Blautia,s__Blautia_pseudococcoides
OTU197,d__Bacteria,k__norank_d__Bacteria,p__Bacillota,c__Clostridia,o__Eubacteriales,f__Oscillospiraceae,g__Acetivibrio,s__Acetivibrio_cellulolyticus
OTU198,d__Bacteria,k__norank_d__Bacteria,p__Bacillota,c__Clostridia,o__Eubacteriales,f__Lachnospiraceae,g__Fusimonas,s__Fusimonas_intestini
OTU199,d__Bacteria,k__norank_d__Bacteria,p__Bacillota,c__Clostridia,o__Eubacteriales,f__Lachnospiraceae,g__Suilimivivens,s__Suilimivivens_aceti
OTU200,d__Bacteria,k__norank_d__Bacteria,p__Bacillota,c__Clostridia,o__Eubacteriales,f__Lachnospiraceae,g__Lacrimispora,s__Lacrimispora_algidixylanolytica
OTU201,d__Bacteria,k__norank_d__Bacteria,p__Bacillota,c__Clostridia,o__Eubacteriales,f__Clostridiaceae,g__Clostridium,s__Clostridium_sp._OF09-36
OTU202,d__Bacteria,k__norank_d__Bacteria,p__Bacteroidota,c__Bacteroidia,o__Bacteroidales,f__Muribaculaceae,g__Paramuribaculum,s__Paramuribaculum_intestinale
OTU203,d__Bacteria,k__norank_d__Bacteria,p__Bacteroidota,c__Bacteroidia,o__Bacteroidales,f__Muribaculaceae,g__Paramuribaculum,s__Paramuribaculum_intestinale
OTU204,d__Bacteria,k__norank_d__Bacteria,p__Bacillota,c__Clostridia,o__Eubacteriales,f__Lachnospiraceae,g__unclassified_f__Lachnospiraceae,s__unclassified_f__Lachnospiraceae
OTU205,d__Bacteria,k__norank_d__Bacteria,p__Bacillota,c__Clostridia,o__Eubacteriales,f__Clostridiaceae,g__Clostridium,s__Clostridium_sp._Clone-49
OTU206,d__Bacteria,k__norank_d__Bacteria,p__Bacillota,c__Clostridia,o__Eubacteriales,f__Eubacteriaceae,g__Eubacterium,s__Eubacterium_plexicaudatum
OTU207,d__Bacteria,k__norank_d__Bacteria,p__Bacteroidota,c__Bacteroidia,o__Bacteroidales,f__Muribaculaceae,g__Duncaniella,s__Duncaniella_muris
OTU208,d__Bacteria,k__norank_d__Bacteria,p__Bacillota,c__Clostridia,o__Eubacteriales,f__Lachnospiraceae,g__Fusimonas,s__Fusimonas_intestini
OTU209,d__Bacteria,k__norank_d__Bacteria,p__Bacteroidota,c__Bacteroidia,o__Bacteroidales,f__Porphyromonadaceae,g__norank_f__Porphyromonadaceae,s__Porphyromonadaceae_bacterium_UBA7139
OTU210,d__Bacteria,k__norank_d__Bacteria,p__Mycoplasmatota,c__Mollicutes,o__Entomoplasmatales,f__Spiroplasmataceae,g__Spiroplasma,s__Spiroplasma_sp._SV19
OTU211,d__Bacteria,k__norank_d__Bacteria,p__Bacillota,c__Clostridia,o__Eubacteriales,f__norank_o__Eubacteriales,g__Intestinimonas,s__Intestinimonas_gabonensis
OTU212,d__Bacteria,k__norank_d__Bacteria,p__Bacillota,c__Clostridia,o__Eubacteriales,f__Lachnospiraceae,g__Suilimivivens,s__Suilimivivens_aceti
OTU213,d__Bacteria,k__norank_d__Bacteria,p__Thermodesulfobacteriota,c__Desulfovibrionia,o__Desulfovibrionales,f__Desulfovibrionaceae,g__Lawsonia,s__Lawsonia_intracellularis
OTU214,d__Bacteria,k__norank_d__Bacteria,p__Bacillota,c__Clostridia,o__Eubacteriales,f__Lachnospiraceae,g__Fusimonas,s__Fusimonas_intestini
OTU215,d__Bacteria,k__norank_d__Bacteria,p__Actinomycetota,c__Actinomycetes,o__Bifidobacteriales,f__Bifidobacteriaceae,g__Bifidobacterium,s__Bifidobacterium_pseudolongum
OTU216,d__Bacteria,k__norank_d__Bacteria,p__Bacteroidota,c__Bacteroidia,o__Bacteroidales,f__Porphyromonadaceae,g__norank_f__Porphyromonadaceae,s__Porphyromonadaceae_bacterium_UBA7139
OTU217,d__Bacteria,k__norank_d__Bacteria,p__Mycoplasmatota,c__Mollicutes,o__Entomoplasmatales,f__Spiroplasmataceae,g__Spiroplasma,s__Spiroplasma_chinense
OTU218,d__Bacteria,k__norank_d__Bacteria,p__Bacillota,c__Clostridia,o__Eubacteriales,f__Syntrophomonadaceae,g__Syntrophothermus,s__Syntrophothermus_lipocalidus
OTU219,d__Bacteria,k__norank_d__Bacteria,p__Bacillota,c__Clostridia,o__Eubacteriales,f__norank_o__Eubacteriales,g__norank_o__Eubacteriales,s__Clostridiales_bacterium_CIEAF_026
OTU220,d__Bacteria,k__norank_d__Bacteria,p__Bacillota,c__Tissierellia,o__Tissierellales,f__Peptoniphilaceae,g__Peptoniphilus,s__Peptoniphilus_sp._BV3C26
OTU221,d__Bacteria,k__norank_d__Bacteria,p__Bacteroidota,c__Bacteroidia,o__Bacteroidales,f__Rikenellaceae,g__Alistipes,s__Alistipes_onderdonkii
OTU222,d__Bacteria,k__norank_d__Bacteria,p__Bacillota,c__Bacilli,o__Lactobacillales,f__Lactobacillaceae,g__Lactobacillus,s__Lactobacillus_johnsonii
OTU223,d__Bacteria,k__norank_d__Bacteria,p__Bacillota,c__Clostridia,o__Eubacteriales,f__Lachnospiraceae,g__Lacrimispora,s__Lacrimispora_sphenoides
OTU224,d__Bacteria,k__norank_d__Bacteria,p__Bacillota,c__Clostridia,o__Eubacteriales,f__Peptococcaceae,g__Candidatus_Formimonas,s__Candidatus_Formimonas_warabiya
OTU225,d__Bacteria,k__norank_d__Bacteria,p__Bacillota,c__Clostridia,o__Eubacteriales,f__Oscillospiraceae,g__Merdimmobilis,s__Merdimmobilis_hominis
OTU226,d__Bacteria,k__norank_d__Bacteria,p__Bacillota,c__Clostridia,o__Eubacteriales,f__Lachnospiraceae,g__Enterocloster,s__Enterocloster_bolteae
OTU227,d__Bacteria,k__norank_d__Bacteria,p__Bacillota,c__Clostridia,o__Eubacteriales,f__Oscillospiraceae,g__Pseudoclostridium,s__Pseudoclostridium_thermosuccinogenes
OTU228,d__Bacteria,k__norank_d__Bacteria,p__Bacillota,c__Clostridia,o__Eubacteriales,f__Lachnospiraceae,g__Lacrimispora,s__Lacrimispora_celerecrescens
OTU229,d__Bacteria,k__norank_d__Bacteria,p__Bacillota,c__Clostridia,o__Eubacteriales,f__Oscillospiraceae,g__Pseudoclostridium,s__Pseudoclostridium_thermosuccinogenes
OTU230,d__Bacteria,k__norank_d__Bacteria,p__Bacillota,c__Clostridia,o__Eubacteriales,f__Clostridiaceae,g__Clostridium,s__Clostridium_sp._Clone-44
OTU231,d__Bacteria,k__norank_d__Bacteria,p__Bacillota,c__Clostridia,o__Eubacteriales,f__Clostridiaceae,g__Candidatus_Arthromitus,s__Candidatus_Arthromitus_sp._Pasteur
OTU232,d__Bacteria,k__norank_d__Bacteria,p__Bacteroidota,c__Bacteroidia,o__Bacteroidales,f__Porphyromonadaceae,g__norank_f__Porphyromonadaceae,s__Porphyromonadaceae_bacterium_UBA7139
OTU233,d__Bacteria,k__norank_d__Bacteria,p__Bacteroidota,c__Bacteroidia,o__Bacteroidales,f__Porphyromonadaceae,g__norank_f__Porphyromonadaceae,s__Porphyromonadaceae_bacterium_UBA7139
OTU234,d__Bacteria,k__norank_d__Bacteria,p__Bacillota,c__norank_p__Bacillota,o__norank_p__Bacillota,f__norank_p__Bacillota,g__norank_p__Bacillota,s__Firmicutes_bacterium_AM59-13
OTU235,d__Bacteria,k__norank_d__Bacteria,p__Bacteroidota,c__Bacteroidia,o__Bacteroidales,f__Rikenellaceae,g__Alistipes,s__Alistipes_putredinis
OTU236,d__Bacteria,k__norank_d__Bacteria,p__Bacteroidota,c__Bacteroidia,o__Bacteroidales,f__Muribaculaceae,g__unclassified_f__Muribaculaceae,s__unclassified_f__Muribaculaceae
OTU237,d__Bacteria,k__norank_d__Bacteria,p__Bacillota,c__Clostridia,o__Eubacteriales,f__Lachnospiraceae,g__unclassified_f__Lachnospiraceae,s__unclassified_f__Lachnospiraceae
OTU238,d__Bacteria,k__norank_d__Bacteria,p__Bacillota,c__Clostridia,o__Eubacteriales,f__Lachnospiraceae,g__norank_f__Lachnospiraceae,s__Lachnospiraceae_bacterium_5_1_57FAA
OTU239,d__Bacteria,k__norank_d__Bacteria,p__Bacteroidota,c__Bacteroidia,o__Bacteroidales,f__Prevotellaceae,g__Prevotellamassilia,s__Prevotellamassilia_timonensis
OTU240,d__Bacteria,k__norank_d__Bacteria,p__Mycoplasmatota,c__Mollicutes,o__Entomoplasmatales,f__Spiroplasmataceae,g__Spiroplasma,s__Spiroplasma_eriocheiris
OTU241,d__Bacteria,k__norank_d__Bacteria,p__Verrucomicrobiota,c__Verrucomicrobiae,o__Verrucomicrobiales,f__Akkermansiaceae,g__Akkermansia,s__Akkermansia_muciniphila
OTU242,d__Bacteria,k__norank_d__Bacteria,p__Bacteroidota,c__Bacteroidia,o__Bacteroidales,f__Prevotellaceae,g__Prevotella,s__Prevotella_sp._MGM1
OTU243,d__Bacteria,k__norank_d__Bacteria,p__Mycoplasmatota,c__Mollicutes,o__Entomoplasmatales,f__Spiroplasmataceae,g__Spiroplasma,s__unclassified_g__Spiroplasma
OTU244,d__Bacteria,k__norank_d__Bacteria,p__Bacteroidota,c__Bacteroidia,o__Bacteroidales,f__Muribaculaceae,g__Duncaniella,s__Duncaniella_dubosii
OTU245,d__Bacteria,k__norank_d__Bacteria,p__Bacillota,c__Clostridia,o__Eubacteriales,f__Oscillospiraceae,g__Ruminiclostridium,s__Ruminiclostridium_josui
OTU246,d__Bacteria,k__norank_d__Bacteria,p__Bacillota,c__Clostridia,o__Eubacteriales,f__Clostridiaceae,g__norank_f__Clostridiaceae,s__Clostridiaceae_bacterium_MS3
OTU247,d__Bacteria,k__norank_d__Bacteria,p__Bacillota,c__Clostridia,o__Eubacteriales,f__norank_o__Eubacteriales,g__unclassified_f__norank_o__Eubacteriales,s__unclassified_f__norank_o__Eubacteriales
OTU248,d__Bacteria,k__norank_d__Bacteria,p__Bacillota,c__Clostridia,o__Eubacteriales,f__Clostridiaceae,g__Clostridium,s__Clostridium_sp._AF36-4
OTU249,d__Bacteria,k__norank_d__Bacteria,p__Bacillota,c__Clostridia,o__Eubacteriales,f__norank_o__Eubacteriales,g__unclassified_f__norank_o__Eubacteriales,s__unclassified_f__norank_o__Eubacteriales
OTU250,d__Bacteria,k__norank_d__Bacteria,p__Bacteroidota,c__Bacteroidia,o__Bacteroidales,f__Bacteroidaceae,g__Bacteroides,s__Bacteroides_uniformis
OTU251,d__Bacteria,k__norank_d__Bacteria,p__Bacillota,c__Clostridia,o__Eubacteriales,f__Eubacteriaceae,g__Eubacterium,s__Eubacterium_plexicaudatum
OTU252,d__Bacteria,k__norank_d__Bacteria,p__Bacillota,c__Clostridia,o__Eubacteriales,f__Lachnospiraceae,g__Lachnoclostridium,s__Lachnoclostridium_edouardi
OTU253,d__Bacteria,k__norank_d__Bacteria,p__Bacillota,c__Clostridia,o__Eubacteriales,f__Clostridiaceae,g__Clostridium,s__Clostridium_sp._Clone-26
OTU254,d__Bacteria,k__norank_d__Bacteria,p__Bacillota,c__Clostridia,o__Eubacteriales,f__Lachnospiraceae,g__unclassified_f__Lachnospiraceae,s__unclassified_f__Lachnospiraceae
OTU255,d__Bacteria,k__norank_d__Bacteria,p__Bacillota,c__Clostridia,o__Eubacteriales,f__Lachnospiraceae,g__Lachnoclostridium,s__Lachnoclostridium_sp._MSJ-17
OTU256,d__Bacteria,k__norank_d__Bacteria,p__Bacillota,c__Clostridia,o__Eubacteriales,f__Lachnospiraceae,g__Dorea,s__Dorea_sp._AM10-31
OTU257,d__Bacteria,k__norank_d__Bacteria,p__Bacillota,c__Clostridia,o__Eubacteriales,f__Oscillospiraceae,g__Anaerotruncus,s__Anaerotruncus_rubiinfantis
OTU258,d__Bacteria,k__norank_d__Bacteria,p__Bacillota,c__Clostridia,o__Eubacteriales,f__unclassified_o__Eubacteriales,g__unclassified_o__Eubacteriales,s__unclassified_o__Eubacteriales
OTU259,d__Bacteria,k__norank_d__Bacteria,p__Bacillota,c__norank_p__Bacillota,o__norank_p__Bacillota,f__norank_p__Bacillota,g__Candidatus_Faecenecus,s__Candidatus_Faecenecus_gallistercoris
OTU260,d__Bacteria,k__norank_d__Bacteria,p__Bacteroidota,c__Bacteroidia,o__Bacteroidales,f__Muribaculaceae,g__Duncaniella,s__Duncaniella_freteri
OTU261,d__Bacteria,k__norank_d__Bacteria,p__Bacteroidota,c__Bacteroidia,o__Bacteroidales,f__Tannerellaceae,g__Parabacteroides,s__Parabacteroides_goldsteinii
OTU262,d__Bacteria,k__norank_d__Bacteria,p__Bacteroidota,c__Bacteroidia,o__Bacteroidales,f__Muribaculaceae,g__Duncaniella,s__Duncaniella_freteri
OTU263,d__Bacteria,k__norank_d__Bacteria,p__Bacillota,c__Clostridia,o__Eubacteriales,f__Christensenellaceae,g__Guopingia,s__Guopingia_tenuis
OTU264,d__Bacteria,k__norank_d__Bacteria,p__Pseudomonadota,c__Betaproteobacteria,o__Burkholderiales,f__norank_o__Burkholderiales,g__norank_o__Burkholderiales,s__Burkholderiales_bacterium_YL45
OTU265,d__Bacteria,k__norank_d__Bacteria,p__Bacillota,c__Clostridia,o__Eubacteriales,f__Lachnospiraceae,g__Acetatifactor,s__Acetatifactor_muris
OTU266,d__Bacteria,k__norank_d__Bacteria,p__Bacillota,c__Clostridia,o__Eubacteriales,f__Clostridiaceae,g__Clostridium,s__Clostridium_scindens
OTU267,d__Bacteria,k__norank_d__Bacteria,p__Bacillota,c__Clostridia,o__Eubacteriales,f__Lachnospiraceae,g__Lachnoclostridium,s__Lachnoclostridium_edouardi
OTU268,d__Bacteria,k__norank_d__Bacteria,p__Pseudomonadota,c__Betaproteobacteria,o__Burkholderiales,f__Sutterellaceae,g__Parasutterella,s__Parasutterella_excrementihominis
OTU269,d__Bacteria,k__norank_d__Bacteria,p__Bacillota,c__Clostridia,o__Eubacteriales,f__Clostridiaceae,g__Clostridium,s__Clostridium_sp._Culture-41
OTU270,d__Bacteria,k__norank_d__Bacteria,p__Bacillota,c__Clostridia,o__Eubacteriales,f__Lachnospiraceae,g__Muricomes,s__Muricomes_intestini
OTU271,d__Bacteria,k__norank_d__Bacteria,p__Bacteroidota,c__Bacteroidia,o__Bacteroidales,f__Muribaculaceae,g__Duncaniella,s__Duncaniella_dubosii
OTU272,d__Bacteria,k__norank_d__Bacteria,p__Bacteroidota,c__Bacteroidia,o__Bacteroidales,f__Rikenellaceae,g__Alistipes,s__Alistipes_inops
OTU273,d__Bacteria,k__norank_d__Bacteria,p__Thermodesulfobacteriota,c__Desulfovibrionia,o__Desulfovibrionales,f__Desulfovibrionaceae,g__Desulfovibrio,s__Desulfovibrio_desulfuricans
OTU274,d__Bacteria,k__norank_d__Bacteria,p__Bacteroidota,c__Bacteroidia,o__Bacteroidales,f__Rikenellaceae,g__Alistipes,s__Alistipes_putredinis
OTU275,d__Bacteria,k__norank_d__Bacteria,p__Bacillota,c__Clostridia,o__Eubacteriales,f__Feifaniaceae,g__Feifania,s__Feifania_hominis
OTU276,d__Bacteria,k__norank_d__Bacteria,p__Bacteroidota,c__Bacteroidia,o__Bacteroidales,f__Rikenellaceae,g__Alistipes,s__Alistipes_putredinis
OTU277,d__Bacteria,k__norank_d__Bacteria,p__Bacillota,c__Clostridia,o__Eubacteriales,f__Oscillospiraceae,g__Petroclostridium,s__Petroclostridium_sp._X23
OTU278,d__Bacteria,k__norank_d__Bacteria,p__Bacteroidota,c__Bacteroidia,o__Bacteroidales,f__Muribaculaceae,g__Duncaniella,s__Duncaniella_muris
OTU279,d__Bacteria,k__norank_d__Bacteria,p__Bacillota,c__Clostridia,o__Eubacteriales,f__Oscillospiraceae,g__Ruminiclostridium,s__Ruminiclostridium_herbifermentans
OTU280,d__Bacteria,k__norank_d__Bacteria,p__Bacillota,c__Clostridia,o__Eubacteriales,f__Clostridiaceae,g__Clostridium,s__Clostridium_sp._KLE_1755
OTU281,d__Bacteria,k__norank_d__Bacteria,p__Bacillota,c__Clostridia,o__Eubacteriales,f__Lachnospiraceae,g__Gallintestinimicrobium,s__Gallintestinimicrobium_propionicum
OTU282,d__Bacteria,k__norank_d__Bacteria,p__Bacillota,c__Clostridia,o__Eubacteriales,f__Oscillospiraceae,g__Ruminiclostridium,s__Ruminiclostridium_papyrosolvens
OTU283,d__Bacteria,k__norank_d__Bacteria,p__Bacillota,c__Clostridia,o__Eubacteriales,f__Lachnospiraceae,g__Blautia,s__Blautia_sp._AF13-16
OTU284,d__Bacteria,k__norank_d__Bacteria,p__Bacillota,c__Clostridia,o__Eubacteriales,f__Oscillospiraceae,g__Ruminococcus,s__Ruminococcus_sp._zg-924
OTU285,d__Bacteria,k__norank_d__Bacteria,p__Bacillota,c__Clostridia,o__Eubacteriales,f__Lachnospiraceae,g__Brotolimicola,s__Brotolimicola_acetigignens
OTU286,d__Bacteria,k__norank_d__Bacteria,p__Bacteroidota,c__Bacteroidia,o__Bacteroidales,f__Rikenellaceae,g__Alistipes,s__unclassified_g__Alistipes
OTU287,d__Bacteria,k__norank_d__Bacteria,p__Bacteroidota,c__Bacteroidia,o__Bacteroidales,f__Muribaculaceae,g__Muribaculum,s__Muribaculum_intestinale
OTU288,d__Bacteria,k__norank_d__Bacteria,p__Bacillota,c__Clostridia,o__Eubacteriales,f__Oscillospiraceae,g__norank_f__Oscillospiraceae,s__Eubacterium_siraeum
OTU289,d__Bacteria,k__norank_d__Bacteria,p__Bacillota,c__Clostridia,o__Eubacteriales,f__Clostridiaceae,g__Clostridium,s__unclassified_g__Clostridium
OTU290,d__Bacteria,k__norank_d__Bacteria,p__Bacteroidota,c__Bacteroidia,o__Bacteroidales,f__Muribaculaceae,g__Paramuribaculum,s__Paramuribaculum_intestinale
OTU291,d__Bacteria,k__norank_d__Bacteria,p__Bacteroidota,c__Bacteroidia,o__Bacteroidales,f__Porphyromonadaceae,g__norank_f__Porphyromonadaceae,s__Porphyromonadaceae_bacterium_UBA7139
OTU292,d__Bacteria,k__norank_d__Bacteria,p__Bacillota,c__Clostridia,o__Eubacteriales,f__Lachnospiraceae,g__Lachnoclostridium,s__Lachnoclostridium_edouardi
OTU293,d__Bacteria,k__norank_d__Bacteria,p__Bacillota,c__Clostridia,o__Eubacteriales,f__Eubacteriales_Family_XIII._Incertae_Sedis,g__Anaerovorax,s__Anaerovorax_odorimutans
OTU294,d__Bacteria,k__norank_d__Bacteria,p__Bacillota,c__Clostridia,o__Eubacteriales,f__Oscillospiraceae,g__Acetivibrio,s__Acetivibrio_cellulolyticus
OTU295,d__Bacteria,k__norank_d__Bacteria,p__Bacteroidota,c__Bacteroidia,o__Bacteroidales,f__Muribaculaceae,g__Duncaniella,s__Duncaniella_muris
OTU296,d__Bacteria,k__norank_d__Bacteria,p__Bacteroidota,c__Bacteroidia,o__Bacteroidales,f__Muribaculaceae,g__Duncaniella,s__Duncaniella_dubosii
OTU297,d__Bacteria,k__norank_d__Bacteria,p__Bacillota,c__Clostridia,o__Eubacteriales,f__Lachnospiraceae,g__Parablautia,s__Parablautia_intestinalis
OTU298,d__Bacteria,k__norank_d__Bacteria,p__Bacteroidota,c__Bacteroidia,o__Bacteroidales,f__Muribaculaceae,g__Duncaniella,s__Duncaniella_muris
OTU299,d__Bacteria,k__norank_d__Bacteria,p__Bacillota,c__Clostridia,o__Eubacteriales,f__Oscillospiraceae,g__Ruminococcus,s__Ruminococcus_sp._5_1_39BFAA
OTU300,d__Bacteria,k__norank_d__Bacteria,p__Bacillota,c__Clostridia,o__Eubacteriales,f__norank_o__Eubacteriales,g__Gemmiger,s__Candidatus_Gemmiger_avium
OTU301,d__Bacteria,k__norank_d__Bacteria,p__Bacteroidota,c__norank_p__Bacteroidota,o__norank_p__Bacteroidota,f__norank_p__Bacteroidota,g__norank_p__Bacteroidota,s__Bacteroidetes_bacterium_RIFOXYB2_FULL_39_7
OTU302,d__Bacteria,k__norank_d__Bacteria,p__Bacillota,c__Clostridia,o__Eubacteriales,f__unclassified_o__Eubacteriales,g__unclassified_o__Eubacteriales,s__unclassified_o__Eubacteriales
OTU303,d__Bacteria,k__norank_d__Bacteria,p__Bacillota,c__Clostridia,o__Eubacteriales,f__Lachnospiraceae,g__Kineothrix,s__Kineothrix_alysoides
OTU304,d__Bacteria,k__norank_d__Bacteria,p__Bacteroidota,c__Bacteroidia,o__Bacteroidales,f__Muribaculaceae,g__Duncaniella,s__Duncaniella_dubosii
OTU305,d__Bacteria,k__norank_d__Bacteria,p__norank_d__Bacteria,c__norank_d__Bacteria,o__norank_d__Bacteria,f__norank_d__Bacteria,g__norank_d__Bacteria,s__bacterium_1XD8-76
OTU306,d__Bacteria,k__norank_d__Bacteria,p__Bacillota,c__Clostridia,o__Eubacteriales,f__Lachnospiraceae,g__Novisyntrophococcus,s__Novisyntrophococcus_fermenticellae
OTU307,d__Bacteria,k__norank_d__Bacteria,p__Bacteroidota,c__Bacteroidia,o__Bacteroidales,f__Muribaculaceae,g__Paramuribaculum,s__Paramuribaculum_intestinale
OTU308,d__Bacteria,k__norank_d__Bacteria,p__Bacteroidota,c__Bacteroidia,o__Bacteroidales,f__Porphyromonadaceae,g__norank_f__Porphyromonadaceae,s__Porphyromonadaceae_bacterium_UBA7139
OTU309,d__Bacteria,k__norank_d__Bacteria,p__Bacillota,c__Erysipelotrichia,o__Erysipelotrichales,f__Erysipelotrichaceae,g__Allobaculum,s__Allobaculum_fili
OTU310,d__Bacteria,k__norank_d__Bacteria,p__Bacillota,c__Clostridia,o__Eubacteriales,f__Oscillospiraceae,g__Vescimonas,s__Vescimonas_fastidiosa
OTU311,d__Bacteria,k__norank_d__Bacteria,p__Mycoplasmatota,c__Mollicutes,o__Entomoplasmatales,f__Spiroplasmataceae,g__Spiroplasma,s__Spiroplasma_phoeniceum
OTU312,d__Bacteria,k__norank_d__Bacteria,p__Candidatus_Melainabacteria,c__norank_p__Candidatus_Melainabacteria,o__norank_p__Candidatus_Melainabacteria,f__norank_p__Candidatus_Melainabacteria,g__norank_p__Candidatus_Melainabacteria,s__Candidatus_Melainabacteria_bacterium
OTU313,d__Bacteria,k__norank_d__Bacteria,p__Bacillota,c__Clostridia,o__Eubacteriales,f__Aristaeellaceae,g__Aristaeella,s__Aristaeella_lactis
OTU314,d__Bacteria,k__norank_d__Bacteria,p__Bacillota,c__Erysipelotrichia,o__Erysipelotrichales,f__Erysipelotrichaceae,g__norank_f__Erysipelotrichaceae,s__Erysipelotrichaceae_bacterium_MTC7
OTU315,d__Bacteria,k__norank_d__Bacteria,p__Bacillota,c__norank_p__Bacillota,o__norank_p__Bacillota,f__norank_p__Bacillota,g__Negativibacillus,s__Negativibacillus_massiliensis
OTU316,d__Bacteria,k__norank_d__Bacteria,p__Bacillota,c__Clostridia,o__Eubacteriales,f__unclassified_o__Eubacteriales,g__unclassified_o__Eubacteriales,s__unclassified_o__Eubacteriales
OTU317,d__Bacteria,k__norank_d__Bacteria,p__Bacillota,c__Erysipelotrichia,o__Erysipelotrichales,f__Erysipelotrichaceae,g__Ileibacterium,s__Ileibacterium_valens
OTU318,d__Bacteria,k__norank_d__Bacteria,p__Bacillota,c__norank_p__Bacillota,o__norank_p__Bacillota,f__norank_p__Bacillota,g__norank_p__Bacillota,s__Firmicutes_bacterium_AM59-13
OTU319,d__Bacteria,k__norank_d__Bacteria,p__Bacillota,c__Clostridia,o__Eubacteriales,f__Eubacteriaceae,g__Eubacterium,s__Eubacterium_ventriosum
OTU320,d__Bacteria,k__norank_d__Bacteria,p__Bacillota,c__Clostridia,o__Eubacteriales,f__Clostridiaceae,g__norank_f__Clostridiaceae,s__Clostridiaceae_bacterium_MS3
OTU321,d__Bacteria,k__norank_d__Bacteria,p__Bacillota,c__Clostridia,o__Eubacteriales,f__Lachnospiraceae,g__Suilimivivens,s__Suilimivivens_aceti
OTU322,d__Bacteria,k__norank_d__Bacteria,p__Bacillota,c__Clostridia,o__Eubacteriales,f__Lachnospiraceae,g__unclassified_f__Lachnospiraceae,s__unclassified_f__Lachnospiraceae
OTU323,d__Bacteria,k__norank_d__Bacteria,p__Bacillota,c__Erysipelotrichia,o__Erysipelotrichales,f__Erysipelotrichaceae,g__norank_f__Erysipelotrichaceae,s__Erysipelotrichaceae_bacterium_MTC7
OTU324,d__Bacteria,k__norank_d__Bacteria,p__Bacillota,c__Clostridia,o__Eubacteriales,f__Lachnospiraceae,g__norank_f__Lachnospiraceae,s__Lachnospiraceae_bacterium_MD329
OTU325,d__Bacteria,k__norank_d__Bacteria,p__Bacillota,c__Clostridia,o__Eubacteriales,f__Lachnospiraceae,g__norank_f__Lachnospiraceae,s__Lachnospiraceae_bacterium_MD329
OTU326,d__Bacteria,k__norank_d__Bacteria,p__Bacillota,c__Clostridia,o__Eubacteriales,f__Clostridiaceae,g__Clostridium,s__Clostridium_facile
OTU327,d__Bacteria,k__norank_d__Bacteria,p__Bacillota,c__Clostridia,o__Eubacteriales,f__Lachnospiraceae,g__Petralouisia,s__Petralouisia_muris
OTU328,d__Bacteria,k__norank_d__Bacteria,p__Bacillota,c__Clostridia,o__Eubacteriales,f__Lachnospiraceae,g__Kineothrix,s__Kineothrix_sp._MB12-C1
OTU329,d__Bacteria,k__norank_d__Bacteria,p__Bacillota,c__Clostridia,o__Eubacteriales,f__Lachnospiraceae,g__unclassified_f__Lachnospiraceae,s__unclassified_f__Lachnospiraceae
OTU330,d__Bacteria,k__norank_d__Bacteria,p__Bacillota,c__Clostridia,o__Eubacteriales,f__Eubacteriaceae,g__norank_f__Eubacteriaceae,s__Eubacteriaceae_bacterium_Marseille-Q4139
OTU331,d__Bacteria,k__norank_d__Bacteria,p__Bacillota,c__Clostridia,o__Eubacteriales,f__Oscillospiraceae,g__Acetivibrio,s__Acetivibrio_thermocellus
OTU332,d__Bacteria,k__norank_d__Bacteria,p__Bacillota,c__Clostridia,o__Eubacteriales,f__Oscillospiraceae,g__Anaerotruncus,s__Anaerotruncus_sp._1XD42-93
OTU333,d__Bacteria,k__norank_d__Bacteria,p__Bacillota,c__Clostridia,o__Eubacteriales,f__Lachnospiraceae,g__Kineothrix,s__Kineothrix_alysoides
OTU334,d__Bacteria,k__norank_d__Bacteria,p__Bacillota,c__Clostridia,o__Eubacteriales,f__Lachnospiraceae,g__Suilimivivens,s__Suilimivivens_aceti
OTU335,d__Bacteria,k__norank_d__Bacteria,p__Bacillota,c__Clostridia,o__Eubacteriales,f__Lachnospiraceae,g__unclassified_f__Lachnospiraceae,s__unclassified_f__Lachnospiraceae
OTU336,d__Bacteria,k__norank_d__Bacteria,p__Bacillota,c__Clostridia,o__Eubacteriales,f__Lachnospiraceae,g__Roseburia,s__Roseburia_sp._1XD42-69
OTU337,d__Bacteria,k__norank_d__Bacteria,p__Bacillota,c__Clostridia,o__Eubacteriales,f__Eubacteriaceae,g__norank_f__Eubacteriaceae,s__Eubacteriaceae_bacterium_Marseille-Q4139
OTU338,d__Bacteria,k__norank_d__Bacteria,p__Bacillota,c__Clostridia,o__Eubacteriales,f__Oscillospiraceae,g__Acetivibrio,s__Acetivibrio_cellulolyticus
OTU339,d__Bacteria,k__norank_d__Bacteria,p__Bacillota,c__Clostridia,o__Eubacteriales,f__Eubacteriaceae,g__Eubacterium,s__Eubacterium_ventriosum
OTU340,d__Bacteria,k__norank_d__Bacteria,p__Bacillota,c__Clostridia,o__Eubacteriales,f__Lachnospiraceae,g__norank_f__Lachnospiraceae,s__Lachnospiraceae_bacterium_GAM79
OTU341,d__Bacteria,k__norank_d__Bacteria,p__Bacillota,c__Clostridia,o__Eubacteriales,f__Clostridiaceae,g__Clostridium,s__Clostridium_sp._MD294
OTU342,d__Bacteria,k__norank_d__Bacteria,p__Bacillota,c__Clostridia,o__Eubacteriales,f__Oscillospiraceae,g__Pseudoclostridium,s__Pseudoclostridium_thermosuccinogenes
OTU343,d__Bacteria,k__norank_d__Bacteria,p__Bacillota,c__Clostridia,o__Eubacteriales,f__Lachnospiraceae,g__Kineothrix,s__Kineothrix_alysoides
OTU344,d__Bacteria,k__norank_d__Bacteria,p__Bacillota,c__Clostridia,o__Eubacteriales,f__Christensenellaceae,g__Luoshenia,s__Luoshenia_tenuis
OTU345,d__Bacteria,k__norank_d__Bacteria,p__Bacillota,c__Clostridia,o__Eubacteriales,f__Oscillospiraceae,g__Acetivibrio,s__Acetivibrio_sp._MSJd-27
OTU346,d__Bacteria,k__norank_d__Bacteria,p__Bacillota,c__Clostridia,o__Eubacteriales,f__Oscillospiraceae,g__Monoglobus,s__Monoglobus_pectinilyticus
OTU347,d__Bacteria,k__norank_d__Bacteria,p__Bacillota,c__Clostridia,o__Eubacteriales,f__Lachnospiraceae,g__Suilimivivens,s__Suilimivivens_aceti
OTU348,d__Bacteria,k__norank_d__Bacteria,p__Bacillota,c__Clostridia,o__Eubacteriales,f__Lachnospiraceae,g__Dorea,s__Dorea_ammoniilytica
OTU349,d__Bacteria,k__norank_d__Bacteria,p__Bacillota,c__Clostridia,o__Eubacteriales,f__Eubacteriaceae,g__Eubacterium,s__Eubacterium_sp._14-2
OTU350,d__Bacteria,k__norank_d__Bacteria,p__Bacteroidota,c__Bacteroidia,o__Bacteroidales,f__Tannerellaceae,g__Parabacteroides,s__Parabacteroides_johnsonii
OTU351,d__Bacteria,k__norank_d__Bacteria,p__Bacillota,c__Clostridia,o__Eubacteriales,f__Aristaeellaceae,g__Aristaeella,s__Aristaeella_lactis
OTU352,d__Bacteria,k__norank_d__Bacteria,p__Mycoplasmatota,c__Mollicutes,o__Entomoplasmatales,f__Spiroplasmataceae,g__Spiroplasma,s__Spiroplasma_chinense
OTU353,d__Bacteria,k__norank_d__Bacteria,p__Bacillota,c__Clostridia,o__Eubacteriales,f__Lachnospiraceae,g__unclassified_f__Lachnospiraceae,s__unclassified_f__Lachnospiraceae
OTU354,d__Bacteria,k__norank_d__Bacteria,p__Bacillota,c__Clostridia,o__Eubacteriales,f__norank_o__Eubacteriales,g__norank_o__Eubacteriales,s__Clostridiales_bacterium_CIEAF_021
OTU355,d__Bacteria,k__norank_d__Bacteria,p__Bacillota,c__Clostridia,o__Eubacteriales,f__Oscillospiraceae,g__Fumia,s__Fumia_xinanensis
OTU356,d__Bacteria,k__norank_d__Bacteria,p__Bacillota,c__Clostridia,o__Eubacteriales,f__Oscillospiraceae,g__Congzhengia,s__Congzhengia_minquanensis
OTU357,d__Bacteria,k__norank_d__Bacteria,p__Bacillota,c__Clostridia,o__Eubacteriales,f__Oscillospiraceae,g__Merdimmobilis,s__Merdimmobilis_hominis
OTU358,d__Bacteria,k__norank_d__Bacteria,p__Bacillota,c__Clostridia,o__Eubacteriales,f__norank_o__Eubacteriales,g__Intestinimonas,s__unclassified_g__Intestinimonas
OTU359,d__Bacteria,k__norank_d__Bacteria,p__Bacillota,c__Clostridia,o__Eubacteriales,f__Oscillospiraceae,g__norank_f__Oscillospiraceae,s__Eubacterium_siraeum
OTU360,d__Bacteria,k__norank_d__Bacteria,p__Bacillota,c__Erysipelotrichia,o__Erysipelotrichales,f__Erysipelotrichaceae,g__norank_f__Erysipelotrichaceae,s__Erysipelotrichaceae_bacterium_MTC7
OTU361,d__Bacteria,k__norank_d__Bacteria,p__Bacillota,c__Clostridia,o__Eubacteriales,f__Clostridiaceae,g__Clostridium,s__Clostridium_scindens
OTU362,d__Bacteria,k__norank_d__Bacteria,p__Bacteroidota,c__Bacteroidia,o__Bacteroidales,f__Rikenellaceae,g__Alistipes,s__Alistipes_finegoldii
OTU363,d__Bacteria,k__norank_d__Bacteria,p__Bacteroidota,c__Bacteroidia,o__Bacteroidales,f__Bacteroidaceae,g__Bacteroides,s__Bacteroides_intestinalis
OTU364,d__Bacteria,k__norank_d__Bacteria,p__Bacillota,c__Clostridia,o__Eubacteriales,f__Oscillospiraceae,g__Acetivibrio,s__Acetivibrio_alkalicellulosi
OTU365,d__Bacteria,k__norank_d__Bacteria,p__Bacillota,c__Clostridia,o__Eubacteriales,f__Clostridiaceae,g__Clostridium,s__Clostridium_scindens
OTU366,d__Bacteria,k__norank_d__Bacteria,p__Bacillota,c__Clostridia,o__Eubacteriales,f__Lachnospiraceae,g__Lachnoclostridium,s__Lachnoclostridium_edouardi
OTU367,d__Bacteria,k__norank_d__Bacteria,p__Actinomycetota,c__Coriobacteriia,o__Coriobacteriales,f__Coriobacteriaceae,g__Parvibacter,s__Parvibacter_caecicola
OTU368,d__Bacteria,k__norank_d__Bacteria,p__Bacteroidota,c__Bacteroidia,o__Bacteroidales,f__Muribaculaceae,g__Paramuribaculum,s__Paramuribaculum_intestinale
OTU369,d__Bacteria,k__norank_d__Bacteria,p__Bacillota,c__Clostridia,o__Eubacteriales,f__Lachnospiraceae,g__unclassified_f__Lachnospiraceae,s__unclassified_f__Lachnospiraceae
OTU370,d__Bacteria,k__norank_d__Bacteria,p__Bacillota,c__Clostridia,o__Eubacteriales,f__Oscillospiraceae,g__Acetivibrio,s__Acetivibrio_straminisolvens
OTU371,d__Bacteria,k__norank_d__Bacteria,p__Bacillota,c__Clostridia,o__Eubacteriales,f__Lachnospiraceae,g__Suilimivivens,s__Suilimivivens_aceti
OTU372,d__Bacteria,k__norank_d__Bacteria,p__Bacillota,c__Clostridia,o__Eubacteriales,f__Oscillospiraceae,g__Acutalibacter,s__Acutalibacter_muris
OTU373,d__Bacteria,k__norank_d__Bacteria,p__Bacillota,c__Clostridia,o__Eubacteriales,f__Oscillospiraceae,g__Acutalibacter,s__Acutalibacter_sp._1XD8-36
OTU374,d__Bacteria,k__norank_d__Bacteria,p__Bacillota,c__Clostridia,o__Eubacteriales,f__Oscillospiraceae,g__Ruminococcus,s__Ruminococcus_flavefaciens
OTU375,d__Bacteria,k__norank_d__Bacteria,p__Bacillota,c__Clostridia,o__Eubacteriales,f__Lachnospiraceae,g__Hominisplanchenecus,s__Hominisplanchenecus_faecis
OTU376,d__Bacteria,k__norank_d__Bacteria,p__Bacillota,c__Clostridia,o__Eubacteriales,f__Peptococcaceae,g__Dehalobacterium,s__Dehalobacterium_formicoaceticum
OTU377,d__Bacteria,k__norank_d__Bacteria,p__Bacillota,c__Clostridia,o__Eubacteriales,f__Clostridiaceae,g__Clostridium,s__Clostridium_scindens
OTU378,d__Bacteria,k__norank_d__Bacteria,p__Bacillota,c__Clostridia,o__Eubacteriales,f__Eubacteriaceae,g__Anaerofustis,s__Anaerofustis_stercorihominis
OTU379,d__Bacteria,k__norank_d__Bacteria,p__Bacillota,c__Clostridia,o__Eubacteriales,f__Oscillospiraceae,g__Solibaculum,s__Solibaculum_mannosilyticum
OTU380,d__Bacteria,k__norank_d__Bacteria,p__Bacillota,c__Bacilli,o__Bacillales,f__Staphylococcaceae,g__Jeotgalicoccus,s__Jeotgalicoccus_nanhaiensis
OTU381,d__Bacteria,k__norank_d__Bacteria,p__Bacillota,c__Clostridia,o__Eubacteriales,f__Oscillospiraceae,g__Angelakisella,s__Angelakisella_massiliensis
OTU382,d__Bacteria,k__norank_d__Bacteria,p__Bacillota,c__Clostridia,o__Eubacteriales,f__Lachnospiraceae,g__unclassified_f__Lachnospiraceae,s__unclassified_f__Lachnospiraceae
OTU383,d__Bacteria,k__norank_d__Bacteria,p__Bacillota,c__Clostridia,o__Eubacteriales,f__Clostridiaceae,g__Clostridium,s__unclassified_g__Clostridium
OTU384,d__Bacteria,k__norank_d__Bacteria,p__Bacillota,c__Clostridia,o__Eubacteriales,f__Eubacteriaceae,g__Rhabdanaerobium,s__Rhabdanaerobium_thermarum
OTU385,d__Bacteria,k__norank_d__Bacteria,p__Bacillota,c__Clostridia,o__Eubacteriales,f__norank_o__Eubacteriales,g__norank_o__Eubacteriales,s__Clostridiales_bacterium_CIEAF_022
OTU386,d__Bacteria,k__norank_d__Bacteria,p__Bacillota,c__Clostridia,o__Eubacteriales,f__norank_o__Eubacteriales,g__Intestinimonas,s__Intestinimonas_timonensis
OTU387,d__Bacteria,k__norank_d__Bacteria,p__Bacillota,c__Clostridia,o__Eubacteriales,f__Clostridiaceae,g__Clostridium,s__Clostridium_sp._Culture-41
OTU388,d__Bacteria,k__norank_d__Bacteria,p__Bacillota,c__Clostridia,o__Eubacteriales,f__Lachnospiraceae,g__Anaerostipes,s__Anaerostipes_sp._992a
OTU389,d__Bacteria,k__norank_d__Bacteria,p__Bacillota,c__Clostridia,o__Eubacteriales,f__norank_o__Eubacteriales,g__unclassified_f__norank_o__Eubacteriales,s__unclassified_f__norank_o__Eubacteriales
OTU390,d__Bacteria,k__norank_d__Bacteria,p__Bacillota,c__Clostridia,o__Eubacteriales,f__Oscillospiraceae,g__Solibaculum,s__Solibaculum_mannosilyticum
OTU391,d__Bacteria,k__norank_d__Bacteria,p__Bacillota,c__Bacilli,o__Lactobacillales,f__Streptococcaceae,g__Streptococcus,s__Streptococcus_respiraculi
OTU392,d__Bacteria,k__norank_d__Bacteria,p__Bacillota,c__Clostridia,o__Eubacteriales,f__Eubacteriales_Family_XIII._Incertae_Sedis,g__Aminipila,s__Aminipila_butyrica
OTU393,d__Bacteria,k__norank_d__Bacteria,p__Candidatus_Melainabacteria,c__norank_p__Candidatus_Melainabacteria,o__Candidatus_Gastranaerophilales,f__norank_o__Candidatus_Gastranaerophilales,g__norank_o__Candidatus_Gastranaerophilales,s__Candidatus_Gastranaerophilales_bacterium_HUM_6
OTU394,d__Bacteria,k__norank_d__Bacteria,p__Bacteroidota,c__Bacteroidia,o__Bacteroidales,f__Bacteroidaceae,g__Phocaeicola,s__Phocaeicola_sartorii
OTU395,d__Bacteria,k__norank_d__Bacteria,p__Bacteroidota,c__Bacteroidia,o__Bacteroidales,f__Muribaculaceae,g__Muribaculum,s__Muribaculum_intestinale
OTU396,d__Bacteria,k__norank_d__Bacteria,p__Bacillota,c__Clostridia,o__Eubacteriales,f__Oscillospiraceae,g__Pseudoclostridium,s__Pseudoclostridium_thermosuccinogenes
OTU397,d__Bacteria,k__norank_d__Bacteria,p__Bacteroidota,c__Bacteroidia,o__Bacteroidales,f__Porphyromonadaceae,g__norank_f__Porphyromonadaceae,s__Porphyromonadaceae_bacterium_UBA7139
OTU398,d__Bacteria,k__norank_d__Bacteria,p__norank_d__Bacteria,c__norank_d__Bacteria,o__norank_d__Bacteria,f__norank_d__Bacteria,g__norank_d__Bacteria,s__bacterium_c-19
OTU399,d__Bacteria,k__norank_d__Bacteria,p__Bacillota,c__Clostridia,o__Eubacteriales,f__Lachnospiraceae,g__unclassified_f__Lachnospiraceae,s__unclassified_f__Lachnospiraceae
OTU400,d__Bacteria,k__norank_d__Bacteria,p__Bacteroidota,c__Bacteroidia,o__Bacteroidales,f__Odoribacteraceae,g__Culturomica,s__Culturomica_massiliensis
OTU401,d__Bacteria,k__norank_d__Bacteria,p__norank_d__Bacteria,c__norank_d__Bacteria,o__norank_d__Bacteria,f__norank_d__Bacteria,g__norank_d__Bacteria,s__bacterium_c-19
OTU402,d__Bacteria,k__norank_d__Bacteria,p__Bacillota,c__Erysipelotrichia,o__Erysipelotrichales,f__Erysipelotrichaceae,g__Candidatus_Stoquefichus,s__unclassified_g__Candidatus_Stoquefichus
OTU403,d__Bacteria,k__norank_d__Bacteria,p__Bacteroidota,c__Bacteroidia,o__Bacteroidales,f__Muribaculaceae,g__Muribaculum,s__Muribaculum_intestinale
OTU404,d__Bacteria,k__norank_d__Bacteria,p__Bacillota,c__Clostridia,o__Eubacteriales,f__Clostridiaceae,g__Clostridium,s__Clostridium_sp._OM05-9BH
OTU405,d__Bacteria,k__norank_d__Bacteria,p__Pseudomonadota,c__Gammaproteobacteria,o__Enterobacterales,f__Enterobacteriaceae,g__Klebsiella,s__Klebsiella_michiganensis
OTU406,d__Bacteria,k__norank_d__Bacteria,p__Bacteroidota,c__Bacteroidia,o__Bacteroidales,f__Porphyromonadaceae,g__norank_f__Porphyromonadaceae,s__Porphyromonadaceae_bacterium_UBA7139
OTU407,d__Bacteria,k__norank_d__Bacteria,p__Candidatus_Melainabacteria,c__norank_p__Candidatus_Melainabacteria,o__Candidatus_Gastranaerophilales,f__norank_o__Candidatus_Gastranaerophilales,g__norank_o__Candidatus_Gastranaerophilales,s__Candidatus_Gastranaerophilales_bacterium_HUM_6
OTU408,d__Bacteria,k__norank_d__Bacteria,p__Bacteroidota,c__Bacteroidia,o__Bacteroidales,f__Porphyromonadaceae,g__norank_f__Porphyromonadaceae,s__Porphyromonadaceae_bacterium_UBA7139
OTU409,d__Bacteria,k__norank_d__Bacteria,p__Bacillota,c__Clostridia,o__Eubacteriales,f__Lachnospiraceae,g__Novisyntrophococcus,s__Novisyntrophococcus_fermenticellae
OTU410,d__Bacteria,k__norank_d__Bacteria,p__Bacillota,c__Clostridia,o__Eubacteriales,f__Lachnospiraceae,g__Anaerotignum,s__Anaerotignum_lactatifermentans
OTU411,d__Bacteria,k__norank_d__Bacteria,p__Bacillota,c__Clostridia,o__Eubacteriales,f__Eubacteriaceae,g__Eubacterium,s__Eubacterium_sp._14-2
OTU412,d__Bacteria,k__norank_d__Bacteria,p__Bacillota,c__Erysipelotrichia,o__Erysipelotrichales,f__Erysipelotrichaceae,g__Holdemania,s__Holdemania_massiliensis
OTU413,d__Bacteria,k__norank_d__Bacteria,p__Actinomycetota,c__Nitriliruptoria,o__Euzebyales,f__Euzebyaceae,g__Euzebya,s__unclassified_g__Euzebya
OTU414,d__Bacteria,k__norank_d__Bacteria,p__Bacillota,c__Clostridia,o__Eubacteriales,f__Pumilibacteraceae,g__Pumilibacter,s__Pumilibacter_muris
OTU415,d__Bacteria,k__norank_d__Bacteria,p__Actinomycetota,c__Actinomycetes,o__Mycobacteriales,f__Corynebacteriaceae,g__Corynebacterium,s__Corynebacterium_dentalis
OTU416,d__Bacteria,k__norank_d__Bacteria,p__Bacillota,c__Clostridia,o__Eubacteriales,f__Lachnospiraceae,g__Kineothrix,s__Kineothrix_alysoides
OTU417,d__Bacteria,k__norank_d__Bacteria,p__norank_d__Bacteria,c__norank_d__Bacteria,o__norank_d__Bacteria,f__norank_d__Bacteria,g__norank_d__Bacteria,s__bacterium_1XD8-76
OTU418,d__Bacteria,k__norank_d__Bacteria,p__Bacillota,c__Clostridia,o__Eubacteriales,f__Pumilibacteraceae,g__Pumilibacter,s__Pumilibacter_muris
OTU419,d__Bacteria,k__norank_d__Bacteria,p__Bacillota,c__Clostridia,o__Eubacteriales,f__Pumilibacteraceae,g__Pumilibacter,s__Pumilibacter_muris
OTU420,d__Bacteria,k__norank_d__Bacteria,p__Mycoplasmatota,c__Mollicutes,o__Entomoplasmatales,f__Spiroplasmataceae,g__Spiroplasma,s__Spiroplasma_culicicola
OTU421,d__Bacteria,k__norank_d__Bacteria,p__Bacillota,c__Clostridia,o__Eubacteriales,f__Lachnospiraceae,g__norank_f__Lachnospiraceae,s__Lachnospiraceae_bacterium_M18-1
OTU422,d__Bacteria,k__norank_d__Bacteria,p__Bacillota,c__Clostridia,o__Eubacteriales,f__Lachnospiraceae,g__Suilimivivens,s__Suilimivivens_aceti
OTU423,d__Bacteria,k__norank_d__Bacteria,p__Bacillota,c__Clostridia,o__Candidatus_Borkfalkiales,f__Candidatus_Borkfalkiaceae,g__Candidatus_Borkfalkia,s__Candidatus_Borkfalkia_ceftriaxoniphila
OTU424,d__Bacteria,k__norank_d__Bacteria,p__Bacillota,c__Clostridia,o__Eubacteriales,f__Oscillospiraceae,g__norank_f__Oscillospiraceae,s__Clostridium_viride
OTU425,d__Bacteria,k__norank_d__Bacteria,p__Bacillota,c__Erysipelotrichia,o__Erysipelotrichales,f__Erysipelotrichaceae,g__Allobaculum,s__Allobaculum_fili
OTU426,d__Bacteria,k__norank_d__Bacteria,p__Bacillota,c__Clostridia,o__Eubacteriales,f__Eubacteriaceae,g__norank_f__Eubacteriaceae,s__Eubacteriaceae_bacterium_Marseille-Q4139
OTU427,d__Bacteria,k__norank_d__Bacteria,p__Bacillota,c__Clostridia,o__Eubacteriales,f__Lachnospiraceae,g__Diplocloster,s__Diplocloster_modestus
OTU428,d__Bacteria,k__norank_d__Bacteria,p__Bacteroidota,c__Bacteroidia,o__Bacteroidales,f__Prevotellaceae,g__Prevotellamassilia,s__Prevotellamassilia_timonensis
OTU429,d__Bacteria,k__norank_d__Bacteria,p__Bacteroidota,c__Bacteroidia,o__Bacteroidales,f__Porphyromonadaceae,g__norank_f__Porphyromonadaceae,s__Porphyromonadaceae_bacterium_UBA7139
OTU430,d__Bacteria,k__norank_d__Bacteria,p__Bacillota,c__Clostridia,o__Eubacteriales,f__Oscillospiraceae,g__Ruminococcus,s__Ruminococcus_hominis
OTU431,d__Bacteria,k__norank_d__Bacteria,p__Bacillota,c__Clostridia,o__Eubacteriales,f__Oscillospiraceae,g__Marasmitruncus,s__Marasmitruncus_massiliensis
OTU432,d__Bacteria,k__norank_d__Bacteria,p__Bacillota,c__Clostridia,o__Eubacteriales,f__Lachnospiraceae,g__Lachnoclostridium,s__Lachnoclostridium_edouardi
OTU433,d__Bacteria,k__norank_d__Bacteria,p__Bacillota,c__Clostridia,o__Candidatus_Borkfalkiales,f__Candidatus_Borkfalkiaceae,g__Candidatus_Borkfalkia,s__Candidatus_Borkfalkia_ceftriaxoniphila
OTU434,d__Bacteria,k__norank_d__Bacteria,p__Bacillota,c__Clostridia,o__Eubacteriales,f__Pumilibacteraceae,g__Pumilibacter,s__Pumilibacter_muris
OTU435,d__Bacteria,k__norank_d__Bacteria,p__Bacillota,c__Clostridia,o__Eubacteriales,f__Oscillospiraceae,g__Pseudoclostridium,s__Pseudoclostridium_thermosuccinogenes