Id,label,Domian,Kingdom,Phylum,Class,Order,Family,Genus,Species,degree,cc,bc
OTU10,OTU10,d__Bacteria,k__norank_d__Bacteria,p__Bacillota,c__Clostridia,o__Eubacteriales,f__Eubacteriaceae,g__Eubacterium,s__Eubacterium_sp._14-2,0,NA,0
OTU100,OTU100,d__Bacteria,k__norank_d__Bacteria,p__Bacillota,c__Clostridia,o__Eubacteriales,f__Oscillospiraceae,g__Merdimmobilis,s__Merdimmobilis_hominis,1,1,0
OTU101,OTU101,d__Bacteria,k__norank_d__Bacteria,p__Bacteroidota,c__Bacteroidia,o__Bacteroidales,f__Muribaculaceae,g__Paramuribaculum,s__Paramuribaculum_intestinale,0,NA,0
OTU102,OTU102,d__Bacteria,k__norank_d__Bacteria,p__Candidatus_Saccharibacteria,c__norank_p__Candidatus_Saccharibacteria,o__norank_p__Candidatus_Saccharibacteria,f__norank_p__Candidatus_Saccharibacteria,g__norank_p__Candidatus_Saccharibacteria,s__unclassified_g__norank_p__Candidatus_Saccharibacteria,0,NA,0
OTU103,OTU103,d__Bacteria,k__norank_d__Bacteria,p__Bacillota,c__Clostridia,o__Eubacteriales,f__Lachnospiraceae,g__unclassified_f__Lachnospiraceae,s__unclassified_f__Lachnospiraceae,0,NA,0
OTU104,OTU104,d__Bacteria,k__norank_d__Bacteria,p__Bacillota,c__Clostridia,o__Eubacteriales,f__norank_o__Eubacteriales,g__norank_o__Eubacteriales,s__Clostridiales_bacterium_CIEAF_021,1,0.666666667,0
OTU105,OTU105,d__Bacteria,k__norank_d__Bacteria,p__Bacillota,c__Erysipelotrichia,o__Erysipelotrichales,f__Erysipelotrichaceae,g__norank_f__Erysipelotrichaceae,s__Erysipelotrichaceae_bacterium_OPF54,0,NA,0
OTU106,OTU106,d__Bacteria,k__norank_d__Bacteria,p__Bacillota,c__Clostridia,o__Eubacteriales,f__Oscillospiraceae,g__Anaerotruncus,s__Anaerotruncus_sp._80,0,NA,0
OTU107,OTU107,d__Bacteria,k__norank_d__Bacteria,p__Bacillota,c__Clostridia,o__Eubacteriales,f__Lachnospiraceae,g__Fusimonas,s__Fusimonas_intestini,0,NA,0
OTU108,OTU108,d__Bacteria,k__norank_d__Bacteria,p__Bacillota,c__Clostridia,o__Eubacteriales,f__Lachnospiraceae,g__Lachnoclostridium,s__Lachnoclostridium_sp._YL32,0,NA,0
OTU109,OTU109,d__Bacteria,k__norank_d__Bacteria,p__Bacillota,c__Clostridia,o__Eubacteriales,f__Oscillospiraceae,g__Pseudoclostridium,s__Pseudoclostridium_thermosuccinogenes,0,NA,0
OTU11,OTU11,d__Bacteria,k__norank_d__Bacteria,p__Bacillota,c__Clostridia,o__Eubacteriales,f__Lachnospiraceae,g__Roseburia,s__Roseburia_sp._1XD42-69,17,0.435294118,0.034062234
OTU110,OTU110,d__Bacteria,k__norank_d__Bacteria,p__Bacillota,c__Clostridia,o__Eubacteriales,f__Lachnospiraceae,g__Enterocloster,s__Enterocloster_clostridioformis,0,NA,0
OTU111,OTU111,d__Bacteria,k__norank_d__Bacteria,p__Bacillota,c__Bacilli,o__Lactobacillales,f__Streptococcaceae,g__Streptococcus,s__Streptococcus_oralis,1,1,0
OTU112,OTU112,d__Bacteria,k__norank_d__Bacteria,p__Bacillota,c__Clostridia,o__Eubacteriales,f__Lachnospiraceae,g__Anaerocolumna,s__Anaerocolumna_cellulosilytica,1,0.666666667,0
OTU113,OTU113,d__Bacteria,k__norank_d__Bacteria,p__Bacteroidota,c__Bacteroidia,o__Bacteroidales,f__Muribaculaceae,g__Duncaniella,s__Duncaniella_muris,0,NA,0
OTU114,OTU114,d__Bacteria,k__norank_d__Bacteria,p__Bacillota,c__Clostridia,o__Eubacteriales,f__Lachnospiraceae,g__Fusimonas,s__Fusimonas_intestini,3,0.8,0
OTU115,OTU115,d__Bacteria,k__norank_d__Bacteria,p__Bacillota,c__Clostridia,o__Eubacteriales,f__Oscillospiraceae,g__Vescimonas,s__Vescimonas_coprocola,0,NA,0
OTU116,OTU116,d__Bacteria,k__norank_d__Bacteria,p__Bacteroidota,c__Bacteroidia,o__Bacteroidales,f__Rikenellaceae,g__Alistipes,s__Alistipes_sp._CHKCI003,0,NA,0
OTU117,OTU117,d__Bacteria,k__norank_d__Bacteria,p__Bacillota,c__Clostridia,o__Eubacteriales,f__Eubacteriaceae,g__Eubacterium,s__Eubacterium_plexicaudatum,0,NA,0
OTU118,OTU118,d__Bacteria,k__norank_d__Bacteria,p__Bacillota,c__Clostridia,o__Eubacteriales,f__Clostridiaceae,g__Clostridium,s__Clostridium_sp._Clone-49,0,NA,0
OTU119,OTU119,d__Bacteria,k__norank_d__Bacteria,p__Bacillota,c__Clostridia,o__Eubacteriales,f__Oscillospiraceae,g__Petroclostridium,s__Petroclostridium_xylanilyticum,15,0.430232558,0.25377129
OTU12,OTU12,d__Bacteria,k__norank_d__Bacteria,p__Bacteroidota,c__Bacteroidia,o__Bacteroidales,f__Rikenellaceae,g__Alistipes,s__Alistipes_ihumii,18,0.506849315,0.093531951
OTU120,OTU120,d__Bacteria,k__norank_d__Bacteria,p__Bacteroidota,c__Bacteroidia,o__Bacteroidales,f__Porphyromonadaceae,g__norank_f__Porphyromonadaceae,s__Porphyromonadaceae_bacterium_UBA7139,0,NA,0
OTU121,OTU121,d__Bacteria,k__norank_d__Bacteria,p__Bacillota,c__Clostridia,o__Eubacteriales,f__Oscillospiraceae,g__norank_f__Oscillospiraceae,s__Eubacterium_siraeum,2,1,0.004543073
OTU122,OTU122,d__Bacteria,k__norank_d__Bacteria,p__Bacillota,c__Clostridia,o__Eubacteriales,f__Lachnospiraceae,g__Kineothrix,s__Kineothrix_sp._MB12-C1,4,1,0.004543073
OTU123,OTU123,d__Bacteria,k__norank_d__Bacteria,p__Bacillota,c__Clostridia,o__Eubacteriales,f__Oscillospiraceae,g__unclassified_f__Oscillospiraceae,s__unclassified_f__Oscillospiraceae,0,NA,0
OTU124,OTU124,d__Bacteria,k__norank_d__Bacteria,p__Bacillota,c__Erysipelotrichia,o__Erysipelotrichales,f__Erysipelotrichaceae,g__norank_f__Erysipelotrichaceae,s__Erysipelotrichaceae_bacterium_MTC7,0,NA,0
OTU125,OTU125,d__Bacteria,k__norank_d__Bacteria,p__Bacillota,c__Clostridia,o__Eubacteriales,f__Oscillospiraceae,g__Acetivibrio,s__Acetivibrio_cellulolyticus,0,NA,0
OTU126,OTU126,d__Bacteria,k__norank_d__Bacteria,p__Bacillota,c__Clostridia,o__Eubacteriales,f__Lachnospiraceae,g__Kineothrix,s__Kineothrix_alysoides,0,NA,0
OTU127,OTU127,d__Bacteria,k__norank_d__Bacteria,p__Bacillota,c__Clostridia,o__Eubacteriales,f__Lachnospiraceae,g__Enterocloster,s__Enterocloster_clostridioformis,0,NA,0
OTU128,OTU128,d__Bacteria,k__norank_d__Bacteria,p__Bacteroidota,c__Bacteroidia,o__Bacteroidales,f__Porphyromonadaceae,g__norank_f__Porphyromonadaceae,s__Porphyromonadaceae_bacterium_UBA7139,0,NA,0
OTU129,OTU129,d__Bacteria,k__norank_d__Bacteria,p__Bacillota,c__Clostridia,o__Eubacteriales,f__Oscillospiraceae,g__Angelakisella,s__Angelakisella_massiliensis,0,NA,0
OTU13,OTU13,d__Bacteria,k__norank_d__Bacteria,p__Pseudomonadota,c__Betaproteobacteria,o__Burkholderiales,f__Sutterellaceae,g__Parasutterella,s__Parasutterella_muris,0,NA,0
OTU130,OTU130,d__Bacteria,k__norank_d__Bacteria,p__Bacillota,c__Clostridia,o__Eubacteriales,f__Oscillospiraceae,g__Pseudoflavonifractor,s__Pseudoflavonifractor_sp._An44,0,NA,0
OTU131,OTU131,d__Bacteria,k__norank_d__Bacteria,p__Bacillota,c__Clostridia,o__Eubacteriales,f__Peptococcaceae,g__Peptococcus,s__Peptococcus_sp._canine_oral_taxon_044,4,1,0.004543073
OTU132,OTU132,d__Bacteria,k__norank_d__Bacteria,p__Bacillota,c__Clostridia,o__Eubacteriales,f__Eubacteriales_Family_XIII._Incertae_Sedis,g__Hominibacterium,s__Hominibacterium_faecale,0,NA,0
OTU133,OTU133,d__Bacteria,k__norank_d__Bacteria,p__Bacillota,c__Clostridia,o__Eubacteriales,f__Oscillospiraceae,g__norank_f__Oscillospiraceae,s__Eubacterium_siraeum,3,0.8,0
OTU134,OTU134,d__Bacteria,k__norank_d__Bacteria,p__Bacillota,c__Bacilli,o__Bacillales,f__Staphylococcaceae,g__Staphylococcus,s__Staphylococcus_xylosus,0,NA,0
OTU135,OTU135,d__Bacteria,k__norank_d__Bacteria,p__Bacillota,c__Clostridia,o__Eubacteriales,f__Clostridiaceae,g__unclassified_f__Clostridiaceae,s__unclassified_f__Clostridiaceae,0,NA,0
OTU136,OTU136,d__Bacteria,k__norank_d__Bacteria,p__Actinomycetota,c__Coriobacteriia,o__Eggerthellales,f__Eggerthellaceae,g__Adlercreutzia,s__Adlercreutzia_murintestinalis,0,NA,0
OTU137,OTU137,d__Bacteria,k__norank_d__Bacteria,p__Candidatus_Melainabacteria,c__norank_p__Candidatus_Melainabacteria,o__Candidatus_Gastranaerophilales,f__norank_o__Candidatus_Gastranaerophilales,g__norank_o__Candidatus_Gastranaerophilales,s__unclassified_g__norank_o__Candidatus_Gastranaerophilales,4,1,0
OTU138,OTU138,d__Bacteria,k__norank_d__Bacteria,p__Actinomycetota,c__Coriobacteriia,o__Eggerthellales,f__Eggerthellaceae,g__Adlercreutzia,s__Adlercreutzia_sp._ZJ304,0,NA,0
OTU139,OTU139,d__Bacteria,k__norank_d__Bacteria,p__Bacillota,c__Clostridia,o__Eubacteriales,f__Oscillospiraceae,g__Ruthenibacterium,s__Ruthenibacterium_lactatiformans,1,1,0
OTU14,OTU14,d__Bacteria,k__norank_d__Bacteria,p__Bacillota,c__Clostridia,o__Eubacteriales,f__Lachnospiraceae,g__Fusimonas,s__Fusimonas_intestini,17,0.4625,0.180404773
OTU140,OTU140,d__Bacteria,k__norank_d__Bacteria,p__Bacillota,c__Clostridia,o__Eubacteriales,f__Clostridiaceae,g__Clostridium,s__Clostridium_sp._AF36-4,0,NA,0
OTU141,OTU141,d__Bacteria,k__norank_d__Bacteria,p__Bacillota,c__norank_p__Bacillota,o__norank_p__Bacillota,f__norank_p__Bacillota,g__norank_p__Bacillota,s__Firmicutes_bacterium_AM59-13,0,NA,0
OTU142,OTU142,d__Bacteria,k__norank_d__Bacteria,p__Bacteroidota,c__Sphingobacteriia,o__Sphingobacteriales,f__Sphingobacteriaceae,g__Parapedobacter,s__Parapedobacter_pyrenivorans,1,1,0
OTU143,OTU143,d__Bacteria,k__norank_d__Bacteria,p__Bacillota,c__Clostridia,o__Eubacteriales,f__Oscillospiraceae,g__Acetivibrio,s__Acetivibrio_cellulolyticus,0,NA,0
OTU144,OTU144,d__Bacteria,k__norank_d__Bacteria,p__Bacteroidota,c__Bacteroidia,o__Bacteroidales,f__Bacteroidaceae,g__Bacteroides,s__Bacteroides_caecimuris,0,NA,0
OTU145,OTU145,d__Bacteria,k__norank_d__Bacteria,p__Bacillota,c__Clostridia,o__Eubacteriales,f__Clostridiaceae,g__Clostridium,s__Clostridium_sp._AF36-4,0,NA,0
OTU146,OTU146,d__Bacteria,k__norank_d__Bacteria,p__Bacillota,c__Clostridia,o__Eubacteriales,f__Lachnospiraceae,g__Lachnoclostridium,s__Lachnoclostridium_edouardi,0,NA,0
OTU147,OTU147,d__Bacteria,k__norank_d__Bacteria,p__Bacillota,c__Clostridia,o__Eubacteriales,f__Clostridiaceae,g__Clostridium,s__Clostridium_sp._Clone-26,1,1,0
OTU148,OTU148,d__Bacteria,k__norank_d__Bacteria,p__Bacillota,c__Clostridia,o__Eubacteriales,f__Oscillospiraceae,g__Monoglobus,s__Monoglobus_pectinilyticus,0,NA,0
OTU149,OTU149,d__Bacteria,k__norank_d__Bacteria,p__Bacillota,c__Clostridia,o__Eubacteriales,f__Lachnospiraceae,g__Enterocloster,s__unclassified_g__Enterocloster,0,NA,0
OTU15,OTU15,d__Bacteria,k__norank_d__Bacteria,p__Bacillota,c__Clostridia,o__Eubacteriales,f__Eubacteriales_Family_XIII._Incertae_Sedis,g__Hominibacterium,s__Hominibacterium_faecale,0,NA,0
OTU150,OTU150,d__Bacteria,k__norank_d__Bacteria,p__Actinomycetota,c__Coriobacteriia,o__Eggerthellales,f__Eggerthellaceae,g__Adlercreutzia,s__Adlercreutzia_murintestinalis,0,NA,0
OTU151,OTU151,d__Bacteria,k__norank_d__Bacteria,p__Bacteroidota,c__Bacteroidia,o__Bacteroidales,f__Prevotellaceae,g__Prevotella,s__Xylanibacter_rodentium,0,NA,0
OTU152,OTU152,d__Bacteria,k__norank_d__Bacteria,p__Bacillota,c__Clostridia,o__Eubacteriales,f__Eubacteriaceae,g__Eubacterium,s__Eubacterium_plexicaudatum,0,NA,0
OTU153,OTU153,d__Bacteria,k__norank_d__Bacteria,p__Bacillota,c__Clostridia,o__Eubacteriales,f__Eubacteriaceae,g__Eubacterium,s__Eubacterium_sp._14-2,0,NA,0
OTU154,OTU154,d__Bacteria,k__norank_d__Bacteria,p__Bacillota,c__Clostridia,o__Eubacteriales,f__Oscillospiraceae,g__Vescimonas,s__Vescimonas_fastidiosa,0,NA,0
OTU155,OTU155,d__Bacteria,k__norank_d__Bacteria,p__Bacillota,c__Bacilli,o__Lactobacillales,f__Lactobacillaceae,g__Ligilactobacillus,s__Ligilactobacillus_murinus,0,NA,0
OTU156,OTU156,d__Bacteria,k__norank_d__Bacteria,p__Bacteroidota,c__Bacteroidia,o__Bacteroidales,f__Muribaculaceae,g__Duncaniella,s__Duncaniella_dubosii,0,NA,0
OTU157,OTU157,d__Bacteria,k__norank_d__Bacteria,p__Bacillota,c__Clostridia,o__Eubacteriales,f__Clostridiaceae,g__Clostridium,s__Clostridium_sp._Culture-41,1,1,0
OTU158,OTU158,d__Bacteria,k__norank_d__Bacteria,p__Bacillota,c__Clostridia,o__Eubacteriales,f__Oscillospiraceae,g__unclassified_f__Oscillospiraceae,s__unclassified_f__Oscillospiraceae,0,NA,0
OTU159,OTU159,d__Bacteria,k__norank_d__Bacteria,p__Bacteroidota,c__Bacteroidia,o__Bacteroidales,f__Muribaculaceae,g__Muribaculum,s__Muribaculum_intestinale,0,NA,0
OTU16,OTU16,d__Bacteria,k__norank_d__Bacteria,p__Pseudomonadota,c__Alphaproteobacteria,o__Rhodospirillales,f__Kiloniellaceae,g__Aestuariispira,s__Aestuariispira_insulae,1,1,0
OTU160,OTU160,d__Bacteria,k__norank_d__Bacteria,p__Bacillota,c__Clostridia,o__Eubacteriales,f__Oscillospiraceae,g__Neglectibacter,s__Neglectibacter_timonensis,0,NA,0
OTU161,OTU161,d__Bacteria,k__norank_d__Bacteria,p__Bacillota,c__Clostridia,o__Eubacteriales,f__Lachnospiraceae,g__unclassified_f__Lachnospiraceae,s__unclassified_f__Lachnospiraceae,0,NA,0
OTU162,OTU162,d__Bacteria,k__norank_d__Bacteria,p__Bacteroidota,c__Bacteroidia,o__Bacteroidales,f__Muribaculaceae,g__Paramuribaculum,s__Paramuribaculum_intestinale,0,NA,0
OTU163,OTU163,d__Bacteria,k__norank_d__Bacteria,p__Deferribacterota,c__Deferribacteres,o__Deferribacterales,f__Mucispirillaceae,g__Mucispirillum,s__Mucispirillum_schaedleri,0,NA,0
OTU164,OTU164,d__Bacteria,k__norank_d__Bacteria,p__Bacteroidota,c__Bacteroidia,o__Bacteroidales,f__Muribaculaceae,g__Muribaculum,s__Muribaculum_gordoncarteri,0,NA,0
OTU165,OTU165,d__Bacteria,k__norank_d__Bacteria,p__Bacillota,c__Clostridia,o__Eubacteriales,f__Lachnospiraceae,g__Marvinbryantia,s__Marvinbryantia_formatexigens,1,1,0
OTU166,OTU166,d__Bacteria,k__norank_d__Bacteria,p__Actinomycetota,c__Coriobacteriia,o__Eggerthellales,f__Eggerthellaceae,g__Adlercreutzia,s__Adlercreutzia_mucosicola,0,NA,0
OTU167,OTU167,d__Bacteria,k__norank_d__Bacteria,p__Bacillota,c__Clostridia,o__Eubacteriales,f__Clostridiaceae,g__unclassified_f__Clostridiaceae,s__unclassified_f__Clostridiaceae,1,1,0
OTU168,OTU168,d__Bacteria,k__norank_d__Bacteria,p__Bacillota,c__Clostridia,o__Eubacteriales,f__Lachnospiraceae,g__Kineothrix,s__Kineothrix_alysoides,1,1,0
OTU169,OTU169,d__Bacteria,k__norank_d__Bacteria,p__Bacillota,c__Clostridia,o__Eubacteriales,f__Clostridiaceae,g__Clostridium,s__Clostridium_transplantifaecale,0,NA,0
OTU17,OTU17,d__Bacteria,k__norank_d__Bacteria,p__Bacillota,c__Clostridia,o__Eubacteriales,f__Clostridiaceae,g__Clostridium,s__Clostridium_sp._KLE_1755,18,0.506849315,0.093531951
OTU170,OTU170,d__Bacteria,k__norank_d__Bacteria,p__Bacillota,c__Clostridia,o__Eubacteriales,f__Oscillospiraceae,g__Congzhengia,s__Congzhengia_minquanensis,0,NA,0
OTU171,OTU171,d__Bacteria,k__norank_d__Bacteria,p__Bacillota,c__Clostridia,o__Eubacteriales,f__Clostridiaceae,g__Clostridium,s__Clostridium_sp._Culture-41,0,NA,0
OTU172,OTU172,d__Bacteria,k__norank_d__Bacteria,p__Bacillota,c__Clostridia,o__Eubacteriales,f__Lachnospiraceae,g__Faecalicatena,s__Faecalicatena_orotica,0,NA,0
OTU173,OTU173,d__Bacteria,k__norank_d__Bacteria,p__Bacteroidota,c__Bacteroidia,o__Bacteroidales,f__Porphyromonadaceae,g__norank_f__Porphyromonadaceae,s__Porphyromonadaceae_bacterium_UBA7139,1,1,0
OTU174,OTU174,d__Bacteria,k__norank_d__Bacteria,p__norank_d__Bacteria,c__norank_d__Bacteria,o__norank_d__Bacteria,f__norank_d__Bacteria,g__norank_d__Bacteria,s__bacterium_1XD8-76,0,NA,0
OTU175,OTU175,d__Bacteria,k__norank_d__Bacteria,p__Bacillota,c__Clostridia,o__Eubacteriales,f__Oscillospiraceae,g__Zongyangia,s__Zongyangia_hominis,0,NA,0
OTU176,OTU176,d__Bacteria,k__norank_d__Bacteria,p__Bacillota,c__Clostridia,o__Eubacteriales,f__Lachnospiraceae,g__Kineothrix,s__unclassified_g__Kineothrix,14,0.888888889,0.002443623
OTU177,OTU177,d__Bacteria,k__norank_d__Bacteria,p__Bacillota,c__Clostridia,o__Moorellales,f__Moorellaceae,g__Moorella,s__Moorella_glycerini,0,NA,0
OTU178,OTU178,d__Bacteria,k__norank_d__Bacteria,p__Bacillota,c__Clostridia,o__Eubacteriales,f__Lachnospiraceae,g__Lachnoclostridium,s__Lachnoclostridium_sp._MSJ-17,0,NA,0
OTU179,OTU179,d__Bacteria,k__norank_d__Bacteria,p__Bacteroidota,c__Bacteroidia,o__Bacteroidales,f__Muribaculaceae,g__Duncaniella,s__Duncaniella_dubosii,0,NA,0
OTU18,OTU18,d__Bacteria,k__norank_d__Bacteria,p__Bacillota,c__Clostridia,o__Eubacteriales,f__Lachnospiraceae,g__Marvinbryantia,s__Marvinbryantia_formatexigens,1,1,0
OTU180,OTU180,d__Bacteria,k__norank_d__Bacteria,p__Bacillota,c__Clostridia,o__Eubacteriales,f__Lachnospiraceae,g__norank_f__Lachnospiraceae,s__Lachnospiraceae_bacterium_M18-1,0,NA,0
OTU181,OTU181,d__Bacteria,k__norank_d__Bacteria,p__Bacillota,c__Erysipelotrichia,o__Erysipelotrichales,f__Erysipelotrichaceae,g__Faecalibaculum,s__Faecalibaculum_rodentium,1,1,0
OTU182,OTU182,d__Bacteria,k__norank_d__Bacteria,p__norank_d__Bacteria,c__norank_d__Bacteria,o__norank_d__Bacteria,f__norank_d__Bacteria,g__norank_d__Bacteria,s__bacterium_1XD8-76,1,1,0
OTU183,OTU183,d__Bacteria,k__norank_d__Bacteria,p__Bacillota,c__Clostridia,o__Eubacteriales,f__Oscillospiraceae,g__Acetivibrio,s__Acetivibrio_mesophilus,3,0.533333333,0
OTU184,OTU184,d__Bacteria,k__norank_d__Bacteria,p__Bacillota,c__Clostridia,o__Eubacteriales,f__Oscillospiraceae,g__unclassified_f__Oscillospiraceae,s__unclassified_f__Oscillospiraceae,4,0.75,0.043159197
OTU185,OTU185,d__Bacteria,k__norank_d__Bacteria,p__Bacteroidota,c__Bacteroidia,o__Bacteroidales,f__Muribaculaceae,g__Muribaculum,s__Muribaculum_intestinale,1,1,0
OTU186,OTU186,d__Bacteria,k__norank_d__Bacteria,p__Bacillota,c__Clostridia,o__Eubacteriales,f__Oscillospiraceae,g__Hydrogeniiclostridium,s__Hydrogeniiclostridium_mannosilyticum,0,NA,0
OTU187,OTU187,d__Bacteria,k__norank_d__Bacteria,p__Bacillota,c__Clostridia,o__Eubacteriales,f__Lachnospiraceae,g__Roseburia,s__Roseburia_hominis,0,NA,0
OTU188,OTU188,d__Bacteria,k__norank_d__Bacteria,p__Actinomycetota,c__Coriobacteriia,o__Coriobacteriales,f__Atopobiaceae,g__Leptogranulimonas,s__Leptogranulimonas_caecicola,0,NA,0
OTU189,OTU189,d__Bacteria,k__norank_d__Bacteria,p__Bacillota,c__Bacilli,o__Lactobacillales,f__Aerococcaceae,g__Aerococcus,s__Aerococcus_urinaeequi,0,NA,0
OTU19,OTU19,d__Bacteria,k__norank_d__Bacteria,p__Bacillota,c__Clostridia,o__Eubacteriales,f__Lachnospiraceae,g__norank_f__Lachnospiraceae,s__Lachnospiraceae_bacterium_MD329,2,0.324561404,0.163550643
OTU190,OTU190,d__Bacteria,k__norank_d__Bacteria,p__Bacillota,c__Clostridia,o__Eubacteriales,f__Oscillospiraceae,g__Anaeromassilibacillus,s__Anaeromassilibacillus_senegalensis,2,0.461538462,0
OTU191,OTU191,d__Bacteria,k__norank_d__Bacteria,p__Bacillota,c__Clostridia,o__Eubacteriales,f__unclassified_o__Eubacteriales,g__unclassified_o__Eubacteriales,s__unclassified_o__Eubacteriales,0,NA,0
OTU192,OTU192,d__Bacteria,k__norank_d__Bacteria,p__Bacillota,c__Erysipelotrichia,o__Erysipelotrichales,f__Erysipelotrichaceae,g__Ileibacterium,s__Ileibacterium_valens,1,1,0
OTU193,OTU193,d__Bacteria,k__norank_d__Bacteria,p__Bacteroidota,c__Bacteroidia,o__Bacteroidales,f__Prevotellaceae,g__Prevotella,s__Prevotella_rara,0,NA,0
OTU194,OTU194,d__Bacteria,k__norank_d__Bacteria,p__Bacillota,c__Clostridia,o__Eubacteriales,f__Clostridiaceae,g__Clostridium,s__Clostridium_facile,14,0.888888889,0.002443623
OTU195,OTU195,d__Bacteria,k__norank_d__Bacteria,p__Bacillota,c__Clostridia,o__Eubacteriales,f__Oscillospiraceae,g__Huintestinicola,s__Huintestinicola_butyrica,1,0.318965517,0
OTU196,OTU196,d__Bacteria,k__norank_d__Bacteria,p__Bacillota,c__Clostridia,o__Eubacteriales,f__Lachnospiraceae,g__Blautia,s__Blautia_pseudococcoides,17,0.46835443,0.024065679
OTU197,OTU197,d__Bacteria,k__norank_d__Bacteria,p__Bacillota,c__Clostridia,o__Eubacteriales,f__Oscillospiraceae,g__Acetivibrio,s__Acetivibrio_cellulolyticus,1,1,0
OTU198,OTU198,d__Bacteria,k__norank_d__Bacteria,p__Bacillota,c__Clostridia,o__Eubacteriales,f__Lachnospiraceae,g__Fusimonas,s__Fusimonas_intestini,1,1,0
OTU199,OTU199,d__Bacteria,k__norank_d__Bacteria,p__Bacillota,c__Clostridia,o__Eubacteriales,f__Lachnospiraceae,g__Suilimivivens,s__Suilimivivens_aceti,1,1,0
OTU2,OTU2,d__Bacteria,k__norank_d__Bacteria,p__Bacillota,c__Clostridia,o__Eubacteriales,f__Oscillospiraceae,g__Ruminiclostridium,s__Ruminiclostridium_hungatei,4,1,0
OTU20,OTU20,d__Bacteria,k__norank_d__Bacteria,p__Bacteroidota,c__Bacteroidia,o__Bacteroidales,f__Tannerellaceae,g__Parabacteroides,s__Parabacteroides_distasonis,2,1,0.004543073
OTU200,OTU200,d__Bacteria,k__norank_d__Bacteria,p__Bacillota,c__Clostridia,o__Eubacteriales,f__Lachnospiraceae,g__Lacrimispora,s__Lacrimispora_algidixylanolytica,0,NA,0
OTU201,OTU201,d__Bacteria,k__norank_d__Bacteria,p__Bacillota,c__Clostridia,o__Eubacteriales,f__Clostridiaceae,g__Clostridium,s__Clostridium_sp._OF09-36,0,NA,0
OTU202,OTU202,d__Bacteria,k__norank_d__Bacteria,p__Bacteroidota,c__Bacteroidia,o__Bacteroidales,f__Muribaculaceae,g__Paramuribaculum,s__Paramuribaculum_intestinale,0,NA,0
OTU203,OTU203,d__Bacteria,k__norank_d__Bacteria,p__Bacteroidota,c__Bacteroidia,o__Bacteroidales,f__Muribaculaceae,g__Paramuribaculum,s__Paramuribaculum_intestinale,19,0.4625,0.609401842
OTU204,OTU204,d__Bacteria,k__norank_d__Bacteria,p__Bacillota,c__Clostridia,o__Eubacteriales,f__Lachnospiraceae,g__unclassified_f__Lachnospiraceae,s__unclassified_f__Lachnospiraceae,0,NA,0
OTU205,OTU205,d__Bacteria,k__norank_d__Bacteria,p__Bacillota,c__Clostridia,o__Eubacteriales,f__Clostridiaceae,g__Clostridium,s__Clostridium_sp._Clone-49,0,NA,0
OTU206,OTU206,d__Bacteria,k__norank_d__Bacteria,p__Bacillota,c__Clostridia,o__Eubacteriales,f__Eubacteriaceae,g__Eubacterium,s__Eubacterium_plexicaudatum,14,0.888888889,0.054516881
OTU207,OTU207,d__Bacteria,k__norank_d__Bacteria,p__Bacteroidota,c__Bacteroidia,o__Bacteroidales,f__Muribaculaceae,g__Duncaniella,s__Duncaniella_muris,0,NA,0
OTU208,OTU208,d__Bacteria,k__norank_d__Bacteria,p__Bacillota,c__Clostridia,o__Eubacteriales,f__Lachnospiraceae,g__Fusimonas,s__Fusimonas_intestini,1,0.666666667,0
OTU209,OTU209,d__Bacteria,k__norank_d__Bacteria,p__Bacteroidota,c__Bacteroidia,o__Bacteroidales,f__Porphyromonadaceae,g__norank_f__Porphyromonadaceae,s__Porphyromonadaceae_bacterium_UBA7139,0,NA,0
OTU21,OTU21,d__Bacteria,k__norank_d__Bacteria,p__Bacillota,c__Clostridia,o__Eubacteriales,f__Oscillospiraceae,g__Caproicibacterium,s__Caproicibacterium_sp._BJN0003,0,NA,0
OTU210,OTU210,d__Bacteria,k__norank_d__Bacteria,p__Mycoplasmatota,c__Mollicutes,o__Entomoplasmatales,f__Spiroplasmataceae,g__Spiroplasma,s__Spiroplasma_sp._SV19,3,1,0
OTU211,OTU211,d__Bacteria,k__norank_d__Bacteria,p__Bacillota,c__Clostridia,o__Eubacteriales,f__norank_o__Eubacteriales,g__Intestinimonas,s__Intestinimonas_gabonensis,1,1,0
OTU212,OTU212,d__Bacteria,k__norank_d__Bacteria,p__Bacillota,c__Clostridia,o__Eubacteriales,f__Lachnospiraceae,g__Suilimivivens,s__Suilimivivens_aceti,1,1,0
OTU213,OTU213,d__Bacteria,k__norank_d__Bacteria,p__Thermodesulfobacteriota,c__Desulfovibrionia,o__Desulfovibrionales,f__Desulfovibrionaceae,g__Lawsonia,s__Lawsonia_intracellularis,0,NA,0
OTU214,OTU214,d__Bacteria,k__norank_d__Bacteria,p__Bacillota,c__Clostridia,o__Eubacteriales,f__Lachnospiraceae,g__Fusimonas,s__Fusimonas_intestini,0,NA,0
OTU215,OTU215,d__Bacteria,k__norank_d__Bacteria,p__Actinomycetota,c__Actinomycetes,o__Bifidobacteriales,f__Bifidobacteriaceae,g__Bifidobacterium,s__Bifidobacterium_pseudolongum,0,NA,0
OTU216,OTU216,d__Bacteria,k__norank_d__Bacteria,p__Bacteroidota,c__Bacteroidia,o__Bacteroidales,f__Porphyromonadaceae,g__norank_f__Porphyromonadaceae,s__Porphyromonadaceae_bacterium_UBA7139,4,0.268115942,0.166957948
OTU217,OTU217,d__Bacteria,k__norank_d__Bacteria,p__Mycoplasmatota,c__Mollicutes,o__Entomoplasmatales,f__Spiroplasmataceae,g__Spiroplasma,s__Spiroplasma_chinense,0,NA,0
OTU218,OTU218,d__Bacteria,k__norank_d__Bacteria,p__Bacillota,c__Clostridia,o__Eubacteriales,f__Syntrophomonadaceae,g__Syntrophothermus,s__Syntrophothermus_lipocalidus,0,NA,0
OTU219,OTU219,d__Bacteria,k__norank_d__Bacteria,p__Bacillota,c__Clostridia,o__Eubacteriales,f__norank_o__Eubacteriales,g__norank_o__Eubacteriales,s__Clostridiales_bacterium_CIEAF_026,0,NA,0
OTU22,OTU22,d__Bacteria,k__norank_d__Bacteria,p__Bacillota,c__Clostridia,o__Eubacteriales,f__Lachnospiraceae,g__unclassified_f__Lachnospiraceae,s__unclassified_f__Lachnospiraceae,16,0.430232558,0.00188213
OTU220,OTU220,d__Bacteria,k__norank_d__Bacteria,p__Bacillota,c__Tissierellia,o__Tissierellales,f__Peptoniphilaceae,g__Peptoniphilus,s__Peptoniphilus_sp._BV3C26,17,0.435294118,0.034062234
OTU221,OTU221,d__Bacteria,k__norank_d__Bacteria,p__Bacteroidota,c__Bacteroidia,o__Bacteroidales,f__Rikenellaceae,g__Alistipes,s__Alistipes_onderdonkii,0,NA,0
OTU222,OTU222,d__Bacteria,k__norank_d__Bacteria,p__Bacillota,c__Bacilli,o__Lactobacillales,f__Lactobacillaceae,g__Lactobacillus,s__Lactobacillus_johnsonii,0,NA,0
OTU223,OTU223,d__Bacteria,k__norank_d__Bacteria,p__Bacillota,c__Clostridia,o__Eubacteriales,f__Lachnospiraceae,g__Lacrimispora,s__Lacrimispora_sphenoides,0,NA,0
OTU224,OTU224,d__Bacteria,k__norank_d__Bacteria,p__Bacillota,c__Clostridia,o__Eubacteriales,f__Peptococcaceae,g__Candidatus_Formimonas,s__Candidatus_Formimonas_warabiya,4,0.327433628,0
OTU225,OTU225,d__Bacteria,k__norank_d__Bacteria,p__Bacillota,c__Clostridia,o__Eubacteriales,f__Oscillospiraceae,g__Merdimmobilis,s__Merdimmobilis_hominis,0,NA,0
OTU226,OTU226,d__Bacteria,k__norank_d__Bacteria,p__Bacillota,c__Clostridia,o__Eubacteriales,f__Lachnospiraceae,g__Enterocloster,s__Enterocloster_bolteae,0,NA,0
OTU227,OTU227,d__Bacteria,k__norank_d__Bacteria,p__Bacillota,c__Clostridia,o__Eubacteriales,f__Oscillospiraceae,g__Pseudoclostridium,s__Pseudoclostridium_thermosuccinogenes,0,NA,0
OTU228,OTU228,d__Bacteria,k__norank_d__Bacteria,p__Bacillota,c__Clostridia,o__Eubacteriales,f__Lachnospiraceae,g__Lacrimispora,s__Lacrimispora_celerecrescens,0,NA,0
OTU229,OTU229,d__Bacteria,k__norank_d__Bacteria,p__Bacillota,c__Clostridia,o__Eubacteriales,f__Oscillospiraceae,g__Pseudoclostridium,s__Pseudoclostridium_thermosuccinogenes,0,NA,0
OTU23,OTU23,d__Bacteria,k__norank_d__Bacteria,p__Bacillota,c__Erysipelotrichia,o__Erysipelotrichales,f__Turicibacteraceae,g__Turicibacter,s__Turicibacter_sp._LA61,0,NA,0
OTU230,OTU230,d__Bacteria,k__norank_d__Bacteria,p__Bacillota,c__Clostridia,o__Eubacteriales,f__Clostridiaceae,g__Clostridium,s__Clostridium_sp._Clone-44,0,NA,0
OTU231,OTU231,d__Bacteria,k__norank_d__Bacteria,p__Bacillota,c__Clostridia,o__Eubacteriales,f__Clostridiaceae,g__Candidatus_Arthromitus,s__Candidatus_Arthromitus_sp._Pasteur,2,1,0
OTU232,OTU232,d__Bacteria,k__norank_d__Bacteria,p__Bacteroidota,c__Bacteroidia,o__Bacteroidales,f__Porphyromonadaceae,g__norank_f__Porphyromonadaceae,s__Porphyromonadaceae_bacterium_UBA7139,2,0.5,0
OTU233,OTU233,d__Bacteria,k__norank_d__Bacteria,p__Bacteroidota,c__Bacteroidia,o__Bacteroidales,f__Porphyromonadaceae,g__norank_f__Porphyromonadaceae,s__Porphyromonadaceae_bacterium_UBA7139,0,NA,0
OTU234,OTU234,d__Bacteria,k__norank_d__Bacteria,p__Bacillota,c__norank_p__Bacillota,o__norank_p__Bacillota,f__norank_p__Bacillota,g__norank_p__Bacillota,s__Firmicutes_bacterium_AM59-13,3,0.545454545,0.002271537
OTU235,OTU235,d__Bacteria,k__norank_d__Bacteria,p__Bacteroidota,c__Bacteroidia,o__Bacteroidales,f__Rikenellaceae,g__Alistipes,s__Alistipes_putredinis,1,1,0
OTU236,OTU236,d__Bacteria,k__norank_d__Bacteria,p__Bacteroidota,c__Bacteroidia,o__Bacteroidales,f__Muribaculaceae,g__unclassified_f__Muribaculaceae,s__unclassified_f__Muribaculaceae,0,NA,0
OTU237,OTU237,d__Bacteria,k__norank_d__Bacteria,p__Bacillota,c__Clostridia,o__Eubacteriales,f__Lachnospiraceae,g__unclassified_f__Lachnospiraceae,s__unclassified_f__Lachnospiraceae,0,NA,0
OTU238,OTU238,d__Bacteria,k__norank_d__Bacteria,p__Bacillota,c__Clostridia,o__Eubacteriales,f__Lachnospiraceae,g__norank_f__Lachnospiraceae,s__Lachnospiraceae_bacterium_5_1_57FAA,0,NA,0
OTU239,OTU239,d__Bacteria,k__norank_d__Bacteria,p__Bacteroidota,c__Bacteroidia,o__Bacteroidales,f__Prevotellaceae,g__Prevotellamassilia,s__Prevotellamassilia_timonensis,0,NA,0
OTU24,OTU24,d__Bacteria,k__norank_d__Bacteria,p__Bacillota,c__Erysipelotrichia,o__Erysipelotrichales,f__Coprobacillaceae,g__Thomasclavelia,s__Thomasclavelia_ramosa,0,NA,0
OTU240,OTU240,d__Bacteria,k__norank_d__Bacteria,p__Mycoplasmatota,c__Mollicutes,o__Entomoplasmatales,f__Spiroplasmataceae,g__Spiroplasma,s__Spiroplasma_eriocheiris,1,0.666666667,0
OTU241,OTU241,d__Bacteria,k__norank_d__Bacteria,p__Verrucomicrobiota,c__Verrucomicrobiae,o__Verrucomicrobiales,f__Akkermansiaceae,g__Akkermansia,s__Akkermansia_muciniphila,0,NA,0
OTU242,OTU242,d__Bacteria,k__norank_d__Bacteria,p__Bacteroidota,c__Bacteroidia,o__Bacteroidales,f__Prevotellaceae,g__Prevotella,s__Prevotella_sp._MGM1,0,NA,0
OTU243,OTU243,d__Bacteria,k__norank_d__Bacteria,p__Mycoplasmatota,c__Mollicutes,o__Entomoplasmatales,f__Spiroplasmataceae,g__Spiroplasma,s__unclassified_g__Spiroplasma,0,NA,0
OTU244,OTU244,d__Bacteria,k__norank_d__Bacteria,p__Bacteroidota,c__Bacteroidia,o__Bacteroidales,f__Muribaculaceae,g__Duncaniella,s__Duncaniella_dubosii,0,NA,0
OTU245,OTU245,d__Bacteria,k__norank_d__Bacteria,p__Bacillota,c__Clostridia,o__Eubacteriales,f__Oscillospiraceae,g__Ruminiclostridium,s__Ruminiclostridium_josui,0,NA,0
OTU246,OTU246,d__Bacteria,k__norank_d__Bacteria,p__Bacillota,c__Clostridia,o__Eubacteriales,f__Clostridiaceae,g__norank_f__Clostridiaceae,s__Clostridiaceae_bacterium_MS3,0,NA,0
OTU247,OTU247,d__Bacteria,k__norank_d__Bacteria,p__Bacillota,c__Clostridia,o__Eubacteriales,f__norank_o__Eubacteriales,g__unclassified_f__norank_o__Eubacteriales,s__unclassified_f__norank_o__Eubacteriales,0,NA,0
OTU248,OTU248,d__Bacteria,k__norank_d__Bacteria,p__Bacillota,c__Clostridia,o__Eubacteriales,f__Clostridiaceae,g__Clostridium,s__Clostridium_sp._AF36-4,2,1,0.004543073
OTU249,OTU249,d__Bacteria,k__norank_d__Bacteria,p__Bacillota,c__Clostridia,o__Eubacteriales,f__norank_o__Eubacteriales,g__unclassified_f__norank_o__Eubacteriales,s__unclassified_f__norank_o__Eubacteriales,0,NA,0
OTU25,OTU25,d__Bacteria,k__norank_d__Bacteria,p__Bacillota,c__norank_p__Bacillota,o__norank_p__Bacillota,f__norank_p__Bacillota,g__Candidatus_Faecenecus,s__Candidatus_Faecenecus_gallistercoris,18,0.506849315,0.093531951
OTU250,OTU250,d__Bacteria,k__norank_d__Bacteria,p__Bacteroidota,c__Bacteroidia,o__Bacteroidales,f__Bacteroidaceae,g__Bacteroides,s__Bacteroides_uniformis,0,NA,0
OTU251,OTU251,d__Bacteria,k__norank_d__Bacteria,p__Bacillota,c__Clostridia,o__Eubacteriales,f__Eubacteriaceae,g__Eubacterium,s__Eubacterium_plexicaudatum,0,NA,0
OTU252,OTU252,d__Bacteria,k__norank_d__Bacteria,p__Bacillota,c__Clostridia,o__Eubacteriales,f__Lachnospiraceae,g__Lachnoclostridium,s__Lachnoclostridium_edouardi,0,NA,0
OTU253,OTU253,d__Bacteria,k__norank_d__Bacteria,p__Bacillota,c__Clostridia,o__Eubacteriales,f__Clostridiaceae,g__Clostridium,s__Clostridium_sp._Clone-26,1,0.666666667,0
OTU254,OTU254,d__Bacteria,k__norank_d__Bacteria,p__Bacillota,c__Clostridia,o__Eubacteriales,f__Lachnospiraceae,g__unclassified_f__Lachnospiraceae,s__unclassified_f__Lachnospiraceae,15,0.941176471,0.063981617
OTU255,OTU255,d__Bacteria,k__norank_d__Bacteria,p__Bacillota,c__Clostridia,o__Eubacteriales,f__Lachnospiraceae,g__Lachnoclostridium,s__Lachnoclostridium_sp._MSJ-17,11,0.695652174,0
OTU256,OTU256,d__Bacteria,k__norank_d__Bacteria,p__Bacillota,c__Clostridia,o__Eubacteriales,f__Lachnospiraceae,g__Dorea,s__Dorea_sp._AM10-31,0,NA,0
OTU257,OTU257,d__Bacteria,k__norank_d__Bacteria,p__Bacillota,c__Clostridia,o__Eubacteriales,f__Oscillospiraceae,g__Anaerotruncus,s__Anaerotruncus_rubiinfantis,0,NA,0
OTU258,OTU258,d__Bacteria,k__norank_d__Bacteria,p__Bacillota,c__Clostridia,o__Eubacteriales,f__unclassified_o__Eubacteriales,g__unclassified_o__Eubacteriales,s__unclassified_o__Eubacteriales,2,1,0.004543073
OTU259,OTU259,d__Bacteria,k__norank_d__Bacteria,p__Bacillota,c__norank_p__Bacillota,o__norank_p__Bacillota,f__norank_p__Bacillota,g__Candidatus_Faecenecus,s__Candidatus_Faecenecus_gallistercoris,14,0.888888889,0.002443623
OTU26,OTU26,d__Bacteria,k__norank_d__Bacteria,p__Bacillota,c__Clostridia,o__Eubacteriales,f__Oscillospiraceae,g__Anaerotruncus,s__Anaerotruncus_sp._80,0,NA,0
OTU260,OTU260,d__Bacteria,k__norank_d__Bacteria,p__Bacteroidota,c__Bacteroidia,o__Bacteroidales,f__Muribaculaceae,g__Duncaniella,s__Duncaniella_freteri,0,NA,0
OTU261,OTU261,d__Bacteria,k__norank_d__Bacteria,p__Bacteroidota,c__Bacteroidia,o__Bacteroidales,f__Tannerellaceae,g__Parabacteroides,s__Parabacteroides_goldsteinii,0,NA,0
OTU262,OTU262,d__Bacteria,k__norank_d__Bacteria,p__Bacteroidota,c__Bacteroidia,o__Bacteroidales,f__Muribaculaceae,g__Duncaniella,s__Duncaniella_freteri,12,0.4625,1
OTU263,OTU263,d__Bacteria,k__norank_d__Bacteria,p__Bacillota,c__Clostridia,o__Eubacteriales,f__Christensenellaceae,g__Guopingia,s__Guopingia_tenuis,0,NA,0
OTU264,OTU264,d__Bacteria,k__norank_d__Bacteria,p__Pseudomonadota,c__Betaproteobacteria,o__Burkholderiales,f__norank_o__Burkholderiales,g__norank_o__Burkholderiales,s__Burkholderiales_bacterium_YL45,0,NA,0
OTU265,OTU265,d__Bacteria,k__norank_d__Bacteria,p__Bacillota,c__Clostridia,o__Eubacteriales,f__Lachnospiraceae,g__Acetatifactor,s__Acetatifactor_muris,0,NA,0
OTU266,OTU266,d__Bacteria,k__norank_d__Bacteria,p__Bacillota,c__Clostridia,o__Eubacteriales,f__Clostridiaceae,g__Clostridium,s__Clostridium_scindens,0,NA,0
OTU267,OTU267,d__Bacteria,k__norank_d__Bacteria,p__Bacillota,c__Clostridia,o__Eubacteriales,f__Lachnospiraceae,g__Lachnoclostridium,s__Lachnoclostridium_edouardi,0,NA,0
OTU268,OTU268,d__Bacteria,k__norank_d__Bacteria,p__Pseudomonadota,c__Betaproteobacteria,o__Burkholderiales,f__Sutterellaceae,g__Parasutterella,s__Parasutterella_excrementihominis,0,NA,0
OTU269,OTU269,d__Bacteria,k__norank_d__Bacteria,p__Bacillota,c__Clostridia,o__Eubacteriales,f__Clostridiaceae,g__Clostridium,s__Clostridium_sp._Culture-41,0,NA,0
OTU27,OTU27,d__Bacteria,k__norank_d__Bacteria,p__Bacillota,c__norank_p__Bacillota,o__norank_p__Bacillota,f__norank_p__Bacillota,g__Candidatus_Faecenecus,s__Candidatus_Faecenecus_gallistercoris,18,0.506849315,0.093531951
OTU270,OTU270,d__Bacteria,k__norank_d__Bacteria,p__Bacillota,c__Clostridia,o__Eubacteriales,f__Lachnospiraceae,g__Muricomes,s__Muricomes_intestini,0,NA,0
OTU271,OTU271,d__Bacteria,k__norank_d__Bacteria,p__Bacteroidota,c__Bacteroidia,o__Bacteroidales,f__Muribaculaceae,g__Duncaniella,s__Duncaniella_dubosii,0,NA,0
OTU272,OTU272,d__Bacteria,k__norank_d__Bacteria,p__Bacteroidota,c__Bacteroidia,o__Bacteroidales,f__Rikenellaceae,g__Alistipes,s__Alistipes_inops,0,NA,0
OTU273,OTU273,d__Bacteria,k__norank_d__Bacteria,p__Thermodesulfobacteriota,c__Desulfovibrionia,o__Desulfovibrionales,f__Desulfovibrionaceae,g__Desulfovibrio,s__Desulfovibrio_desulfuricans,0,NA,0
OTU274,OTU274,d__Bacteria,k__norank_d__Bacteria,p__Bacteroidota,c__Bacteroidia,o__Bacteroidales,f__Rikenellaceae,g__Alistipes,s__Alistipes_putredinis,0,NA,0
OTU275,OTU275,d__Bacteria,k__norank_d__Bacteria,p__Bacillota,c__Clostridia,o__Eubacteriales,f__Feifaniaceae,g__Feifania,s__Feifania_hominis,0,NA,0
OTU276,OTU276,d__Bacteria,k__norank_d__Bacteria,p__Bacteroidota,c__Bacteroidia,o__Bacteroidales,f__Rikenellaceae,g__Alistipes,s__Alistipes_putredinis,0,NA,0
OTU277,OTU277,d__Bacteria,k__norank_d__Bacteria,p__Bacillota,c__Clostridia,o__Eubacteriales,f__Oscillospiraceae,g__Petroclostridium,s__Petroclostridium_sp._X23,0,NA,0
OTU278,OTU278,d__Bacteria,k__norank_d__Bacteria,p__Bacteroidota,c__Bacteroidia,o__Bacteroidales,f__Muribaculaceae,g__Duncaniella,s__Duncaniella_muris,1,1,0
OTU279,OTU279,d__Bacteria,k__norank_d__Bacteria,p__Bacillota,c__Clostridia,o__Eubacteriales,f__Oscillospiraceae,g__Ruminiclostridium,s__Ruminiclostridium_herbifermentans,3,0.666666667,0.036344587
OTU28,OTU28,d__Bacteria,k__norank_d__Bacteria,p__Bacillota,c__Clostridia,o__Eubacteriales,f__Oscillospiraceae,g__Pseudoclostridium,s__Pseudoclostridium_thermosuccinogenes,1,1,0
OTU280,OTU280,d__Bacteria,k__norank_d__Bacteria,p__Bacillota,c__Clostridia,o__Eubacteriales,f__Clostridiaceae,g__Clostridium,s__Clostridium_sp._KLE_1755,3,1,0
OTU281,OTU281,d__Bacteria,k__norank_d__Bacteria,p__Bacillota,c__Clostridia,o__Eubacteriales,f__Lachnospiraceae,g__Gallintestinimicrobium,s__Gallintestinimicrobium_propionicum,0,NA,0
OTU282,OTU282,d__Bacteria,k__norank_d__Bacteria,p__Bacillota,c__Clostridia,o__Eubacteriales,f__Oscillospiraceae,g__Ruminiclostridium,s__Ruminiclostridium_papyrosolvens,0,NA,0
OTU283,OTU283,d__Bacteria,k__norank_d__Bacteria,p__Bacillota,c__Clostridia,o__Eubacteriales,f__Lachnospiraceae,g__Blautia,s__Blautia_sp._AF13-16,0,NA,0
OTU284,OTU284,d__Bacteria,k__norank_d__Bacteria,p__Bacillota,c__Clostridia,o__Eubacteriales,f__Oscillospiraceae,g__Ruminococcus,s__Ruminococcus_sp._zg-924,0,NA,0
OTU285,OTU285,d__Bacteria,k__norank_d__Bacteria,p__Bacillota,c__Clostridia,o__Eubacteriales,f__Lachnospiraceae,g__Brotolimicola,s__Brotolimicola_acetigignens,1,1,0
OTU286,OTU286,d__Bacteria,k__norank_d__Bacteria,p__Bacteroidota,c__Bacteroidia,o__Bacteroidales,f__Rikenellaceae,g__Alistipes,s__unclassified_g__Alistipes,0,NA,0
OTU287,OTU287,d__Bacteria,k__norank_d__Bacteria,p__Bacteroidota,c__Bacteroidia,o__Bacteroidales,f__Muribaculaceae,g__Muribaculum,s__Muribaculum_intestinale,0,NA,0
OTU288,OTU288,d__Bacteria,k__norank_d__Bacteria,p__Bacillota,c__Clostridia,o__Eubacteriales,f__Oscillospiraceae,g__norank_f__Oscillospiraceae,s__Eubacterium_siraeum,1,1,0
OTU289,OTU289,d__Bacteria,k__norank_d__Bacteria,p__Bacillota,c__Clostridia,o__Eubacteriales,f__Clostridiaceae,g__Clostridium,s__unclassified_g__Clostridium,0,NA,0
OTU29,OTU29,d__Bacteria,k__norank_d__Bacteria,p__Bacillota,c__Erysipelotrichia,o__Erysipelotrichales,f__Erysipelotrichaceae,g__norank_f__Erysipelotrichaceae,s__Erysipelotrichaceae_bacterium_MTC7,0,NA,0
OTU290,OTU290,d__Bacteria,k__norank_d__Bacteria,p__Bacteroidota,c__Bacteroidia,o__Bacteroidales,f__Muribaculaceae,g__Paramuribaculum,s__Paramuribaculum_intestinale,0,NA,0
OTU291,OTU291,d__Bacteria,k__norank_d__Bacteria,p__Bacteroidota,c__Bacteroidia,o__Bacteroidales,f__Porphyromonadaceae,g__norank_f__Porphyromonadaceae,s__Porphyromonadaceae_bacterium_UBA7139,0,NA,0
OTU292,OTU292,d__Bacteria,k__norank_d__Bacteria,p__Bacillota,c__Clostridia,o__Eubacteriales,f__Lachnospiraceae,g__Lachnoclostridium,s__Lachnoclostridium_edouardi,0,NA,0
OTU293,OTU293,d__Bacteria,k__norank_d__Bacteria,p__Bacillota,c__Clostridia,o__Eubacteriales,f__Eubacteriales_Family_XIII._Incertae_Sedis,g__Anaerovorax,s__Anaerovorax_odorimutans,0,NA,0
OTU294,OTU294,d__Bacteria,k__norank_d__Bacteria,p__Bacillota,c__Clostridia,o__Eubacteriales,f__Oscillospiraceae,g__Acetivibrio,s__Acetivibrio_cellulolyticus,1,1,0
OTU295,OTU295,d__Bacteria,k__norank_d__Bacteria,p__Bacteroidota,c__Bacteroidia,o__Bacteroidales,f__Muribaculaceae,g__Duncaniella,s__Duncaniella_muris,0,NA,0
OTU296,OTU296,d__Bacteria,k__norank_d__Bacteria,p__Bacteroidota,c__Bacteroidia,o__Bacteroidales,f__Muribaculaceae,g__Duncaniella,s__Duncaniella_dubosii,0,NA,0
OTU297,OTU297,d__Bacteria,k__norank_d__Bacteria,p__Bacillota,c__Clostridia,o__Eubacteriales,f__Lachnospiraceae,g__Parablautia,s__Parablautia_intestinalis,0,NA,0
OTU298,OTU298,d__Bacteria,k__norank_d__Bacteria,p__Bacteroidota,c__Bacteroidia,o__Bacteroidales,f__Muribaculaceae,g__Duncaniella,s__Duncaniella_muris,0,NA,0
OTU299,OTU299,d__Bacteria,k__norank_d__Bacteria,p__Bacillota,c__Clostridia,o__Eubacteriales,f__Oscillospiraceae,g__Ruminococcus,s__Ruminococcus_sp._5_1_39BFAA,0,NA,0
OTU3,OTU3,d__Bacteria,k__norank_d__Bacteria,p__Bacillota,c__Clostridia,o__Eubacteriales,f__Oscillospiraceae,g__Qingrenia,s__Qingrenia_yutianensis,0,NA,0
OTU30,OTU30,d__Bacteria,k__norank_d__Bacteria,p__Bacillota,c__Clostridia,o__Eubacteriales,f__Clostridiaceae,g__Clostridium,s__Clostridium_sp._OM05-9BH,0,NA,0
OTU300,OTU300,d__Bacteria,k__norank_d__Bacteria,p__Bacillota,c__Clostridia,o__Eubacteriales,f__norank_o__Eubacteriales,g__Gemmiger,s__Candidatus_Gemmiger_avium,12,0.8,0
OTU301,OTU301,d__Bacteria,k__norank_d__Bacteria,p__Bacteroidota,c__norank_p__Bacteroidota,o__norank_p__Bacteroidota,f__norank_p__Bacteroidota,g__norank_p__Bacteroidota,s__Bacteroidetes_bacterium_RIFOXYB2_FULL_39_7,2,0.196808511,0
OTU302,OTU302,d__Bacteria,k__norank_d__Bacteria,p__Bacillota,c__Clostridia,o__Eubacteriales,f__unclassified_o__Eubacteriales,g__unclassified_o__Eubacteriales,s__unclassified_o__Eubacteriales,0,NA,0
OTU303,OTU303,d__Bacteria,k__norank_d__Bacteria,p__Bacillota,c__Clostridia,o__Eubacteriales,f__Lachnospiraceae,g__Kineothrix,s__Kineothrix_alysoides,2,0.666666667,0
OTU304,OTU304,d__Bacteria,k__norank_d__Bacteria,p__Bacteroidota,c__Bacteroidia,o__Bacteroidales,f__Muribaculaceae,g__Duncaniella,s__Duncaniella_dubosii,0,NA,0
OTU305,OTU305,d__Bacteria,k__norank_d__Bacteria,p__norank_d__Bacteria,c__norank_d__Bacteria,o__norank_d__Bacteria,f__norank_d__Bacteria,g__norank_d__Bacteria,s__bacterium_1XD8-76,14,0.888888889,0.002443623
OTU306,OTU306,d__Bacteria,k__norank_d__Bacteria,p__Bacillota,c__Clostridia,o__Eubacteriales,f__Lachnospiraceae,g__Novisyntrophococcus,s__Novisyntrophococcus_fermenticellae,0,NA,0
OTU307,OTU307,d__Bacteria,k__norank_d__Bacteria,p__Bacteroidota,c__Bacteroidia,o__Bacteroidales,f__Muribaculaceae,g__Paramuribaculum,s__Paramuribaculum_intestinale,0,NA,0
OTU308,OTU308,d__Bacteria,k__norank_d__Bacteria,p__Bacteroidota,c__Bacteroidia,o__Bacteroidales,f__Porphyromonadaceae,g__norank_f__Porphyromonadaceae,s__Porphyromonadaceae_bacterium_UBA7139,1,0.666666667,0
OTU309,OTU309,d__Bacteria,k__norank_d__Bacteria,p__Bacillota,c__Erysipelotrichia,o__Erysipelotrichales,f__Erysipelotrichaceae,g__Allobaculum,s__Allobaculum_fili,0,NA,0
OTU31,OTU31,d__Bacteria,k__norank_d__Bacteria,p__Bacteroidota,c__Bacteroidia,o__Bacteroidales,f__Rikenellaceae,g__Alistipes,s__unclassified_g__Alistipes,0,NA,0
OTU310,OTU310,d__Bacteria,k__norank_d__Bacteria,p__Bacillota,c__Clostridia,o__Eubacteriales,f__Oscillospiraceae,g__Vescimonas,s__Vescimonas_fastidiosa,0,NA,0
OTU311,OTU311,d__Bacteria,k__norank_d__Bacteria,p__Mycoplasmatota,c__Mollicutes,o__Entomoplasmatales,f__Spiroplasmataceae,g__Spiroplasma,s__Spiroplasma_phoeniceum,8,1,0
OTU312,OTU312,d__Bacteria,k__norank_d__Bacteria,p__Candidatus_Melainabacteria,c__norank_p__Candidatus_Melainabacteria,o__norank_p__Candidatus_Melainabacteria,f__norank_p__Candidatus_Melainabacteria,g__norank_p__Candidatus_Melainabacteria,s__Candidatus_Melainabacteria_bacterium,0,NA,0
OTU313,OTU313,d__Bacteria,k__norank_d__Bacteria,p__Bacillota,c__Clostridia,o__Eubacteriales,f__Aristaeellaceae,g__Aristaeella,s__Aristaeella_lactis,2,1,0
OTU314,OTU314,d__Bacteria,k__norank_d__Bacteria,p__Bacillota,c__Erysipelotrichia,o__Erysipelotrichales,f__Erysipelotrichaceae,g__norank_f__Erysipelotrichaceae,s__Erysipelotrichaceae_bacterium_MTC7,8,1,0
OTU315,OTU315,d__Bacteria,k__norank_d__Bacteria,p__Bacillota,c__norank_p__Bacillota,o__norank_p__Bacillota,f__norank_p__Bacillota,g__Negativibacillus,s__Negativibacillus_massiliensis,8,1,0
OTU316,OTU316,d__Bacteria,k__norank_d__Bacteria,p__Bacillota,c__Clostridia,o__Eubacteriales,f__unclassified_o__Eubacteriales,g__unclassified_o__Eubacteriales,s__unclassified_o__Eubacteriales,1,1,0
OTU317,OTU317,d__Bacteria,k__norank_d__Bacteria,p__Bacillota,c__Erysipelotrichia,o__Erysipelotrichales,f__Erysipelotrichaceae,g__Ileibacterium,s__Ileibacterium_valens,0,NA,0
OTU318,OTU318,d__Bacteria,k__norank_d__Bacteria,p__Bacillota,c__norank_p__Bacillota,o__norank_p__Bacillota,f__norank_p__Bacillota,g__norank_p__Bacillota,s__Firmicutes_bacterium_AM59-13,0,NA,0
OTU319,OTU319,d__Bacteria,k__norank_d__Bacteria,p__Bacillota,c__Clostridia,o__Eubacteriales,f__Eubacteriaceae,g__Eubacterium,s__Eubacterium_ventriosum,8,1,0
OTU32,OTU32,d__Bacteria,k__norank_d__Bacteria,p__Bacillota,c__Clostridia,o__Eubacteriales,f__Christensenellaceae,g__Christensenella,s__Christensenella_timonensis,0,NA,0
OTU320,OTU320,d__Bacteria,k__norank_d__Bacteria,p__Bacillota,c__Clostridia,o__Eubacteriales,f__Clostridiaceae,g__norank_f__Clostridiaceae,s__Clostridiaceae_bacterium_MS3,8,1,0
OTU321,OTU321,d__Bacteria,k__norank_d__Bacteria,p__Bacillota,c__Clostridia,o__Eubacteriales,f__Lachnospiraceae,g__Suilimivivens,s__Suilimivivens_aceti,8,1,0
OTU322,OTU322,d__Bacteria,k__norank_d__Bacteria,p__Bacillota,c__Clostridia,o__Eubacteriales,f__Lachnospiraceae,g__unclassified_f__Lachnospiraceae,s__unclassified_f__Lachnospiraceae,1,1,0
OTU323,OTU323,d__Bacteria,k__norank_d__Bacteria,p__Bacillota,c__Erysipelotrichia,o__Erysipelotrichales,f__Erysipelotrichaceae,g__norank_f__Erysipelotrichaceae,s__Erysipelotrichaceae_bacterium_MTC7,8,1,0
OTU324,OTU324,d__Bacteria,k__norank_d__Bacteria,p__Bacillota,c__Clostridia,o__Eubacteriales,f__Lachnospiraceae,g__norank_f__Lachnospiraceae,s__Lachnospiraceae_bacterium_MD329,0,NA,0
OTU325,OTU325,d__Bacteria,k__norank_d__Bacteria,p__Bacillota,c__Clostridia,o__Eubacteriales,f__Lachnospiraceae,g__norank_f__Lachnospiraceae,s__Lachnospiraceae_bacterium_MD329,8,1,0
OTU326,OTU326,d__Bacteria,k__norank_d__Bacteria,p__Bacillota,c__Clostridia,o__Eubacteriales,f__Clostridiaceae,g__Clostridium,s__Clostridium_facile,0,NA,0
OTU327,OTU327,d__Bacteria,k__norank_d__Bacteria,p__Bacillota,c__Clostridia,o__Eubacteriales,f__Lachnospiraceae,g__Petralouisia,s__Petralouisia_muris,4,1,0
OTU328,OTU328,d__Bacteria,k__norank_d__Bacteria,p__Bacillota,c__Clostridia,o__Eubacteriales,f__Lachnospiraceae,g__Kineothrix,s__Kineothrix_sp._MB12-C1,0,NA,0
OTU329,OTU329,d__Bacteria,k__norank_d__Bacteria,p__Bacillota,c__Clostridia,o__Eubacteriales,f__Lachnospiraceae,g__unclassified_f__Lachnospiraceae,s__unclassified_f__Lachnospiraceae,0,NA,0
OTU33,OTU33,d__Bacteria,k__norank_d__Bacteria,p__Bacillota,c__Bacilli,o__Bacillales,f__Staphylococcaceae,g__Mammaliicoccus,s__Mammaliicoccus_vitulinus,0,NA,0
OTU330,OTU330,d__Bacteria,k__norank_d__Bacteria,p__Bacillota,c__Clostridia,o__Eubacteriales,f__Eubacteriaceae,g__norank_f__Eubacteriaceae,s__Eubacteriaceae_bacterium_Marseille-Q4139,0,NA,0
OTU331,OTU331,d__Bacteria,k__norank_d__Bacteria,p__Bacillota,c__Clostridia,o__Eubacteriales,f__Oscillospiraceae,g__Acetivibrio,s__Acetivibrio_thermocellus,5,1,0
OTU332,OTU332,d__Bacteria,k__norank_d__Bacteria,p__Bacillota,c__Clostridia,o__Eubacteriales,f__Oscillospiraceae,g__Anaerotruncus,s__Anaerotruncus_sp._1XD42-93,0,NA,0
OTU333,OTU333,d__Bacteria,k__norank_d__Bacteria,p__Bacillota,c__Clostridia,o__Eubacteriales,f__Lachnospiraceae,g__Kineothrix,s__Kineothrix_alysoides,0,NA,0
OTU334,OTU334,d__Bacteria,k__norank_d__Bacteria,p__Bacillota,c__Clostridia,o__Eubacteriales,f__Lachnospiraceae,g__Suilimivivens,s__Suilimivivens_aceti,0,NA,0
OTU335,OTU335,d__Bacteria,k__norank_d__Bacteria,p__Bacillota,c__Clostridia,o__Eubacteriales,f__Lachnospiraceae,g__unclassified_f__Lachnospiraceae,s__unclassified_f__Lachnospiraceae,0,NA,0
OTU336,OTU336,d__Bacteria,k__norank_d__Bacteria,p__Bacillota,c__Clostridia,o__Eubacteriales,f__Lachnospiraceae,g__Roseburia,s__Roseburia_sp._1XD42-69,1,1,0
OTU337,OTU337,d__Bacteria,k__norank_d__Bacteria,p__Bacillota,c__Clostridia,o__Eubacteriales,f__Eubacteriaceae,g__norank_f__Eubacteriaceae,s__Eubacteriaceae_bacterium_Marseille-Q4139,0,NA,0
OTU339,OTU339,d__Bacteria,k__norank_d__Bacteria,p__Bacillota,c__Clostridia,o__Eubacteriales,f__Eubacteriaceae,g__Eubacterium,s__Eubacterium_ventriosum,0,NA,0
OTU34,OTU34,d__Bacteria,k__norank_d__Bacteria,p__Bacillota,c__Clostridia,o__Eubacteriales,f__Clostridiaceae,g__Clostridium,s__Clostridium_sp._OM05-9BH,18,0.506849315,0.093531951
OTU340,OTU340,d__Bacteria,k__norank_d__Bacteria,p__Bacillota,c__Clostridia,o__Eubacteriales,f__Lachnospiraceae,g__norank_f__Lachnospiraceae,s__Lachnospiraceae_bacterium_GAM79,1,0.212643678,0
OTU341,OTU341,d__Bacteria,k__norank_d__Bacteria,p__Bacillota,c__Clostridia,o__Eubacteriales,f__Clostridiaceae,g__Clostridium,s__Clostridium_sp._MD294,0,NA,0
OTU343,OTU343,d__Bacteria,k__norank_d__Bacteria,p__Bacillota,c__Clostridia,o__Eubacteriales,f__Lachnospiraceae,g__Kineothrix,s__Kineothrix_alysoides,3,0.533333333,0
OTU344,OTU344,d__Bacteria,k__norank_d__Bacteria,p__Bacillota,c__Clostridia,o__Eubacteriales,f__Christensenellaceae,g__Luoshenia,s__Luoshenia_tenuis,14,0.888888889,0.002443623
OTU345,OTU345,d__Bacteria,k__norank_d__Bacteria,p__Bacillota,c__Clostridia,o__Eubacteriales,f__Oscillospiraceae,g__Acetivibrio,s__Acetivibrio_sp._MSJd-27,0,NA,0
OTU346,OTU346,d__Bacteria,k__norank_d__Bacteria,p__Bacillota,c__Clostridia,o__Eubacteriales,f__Oscillospiraceae,g__Monoglobus,s__Monoglobus_pectinilyticus,0,NA,0
OTU347,OTU347,d__Bacteria,k__norank_d__Bacteria,p__Bacillota,c__Clostridia,o__Eubacteriales,f__Lachnospiraceae,g__Suilimivivens,s__Suilimivivens_aceti,4,0.2890625,0.173864138
OTU348,OTU348,d__Bacteria,k__norank_d__Bacteria,p__Bacillota,c__Clostridia,o__Eubacteriales,f__Lachnospiraceae,g__Dorea,s__Dorea_ammoniilytica,0,NA,0
OTU349,OTU349,d__Bacteria,k__norank_d__Bacteria,p__Bacillota,c__Clostridia,o__Eubacteriales,f__Eubacteriaceae,g__Eubacterium,s__Eubacterium_sp._14-2,1,1,0
OTU35,OTU35,d__Bacteria,k__norank_d__Bacteria,p__Actinomycetota,c__Coriobacteriia,o__Eggerthellales,f__Eggerthellaceae,g__Adlercreutzia,s__Adlercreutzia_agrestimuris,0,NA,0
OTU350,OTU350,d__Bacteria,k__norank_d__Bacteria,p__Bacteroidota,c__Bacteroidia,o__Bacteroidales,f__Tannerellaceae,g__Parabacteroides,s__Parabacteroides_johnsonii,0,NA,0
OTU351,OTU351,d__Bacteria,k__norank_d__Bacteria,p__Bacillota,c__Clostridia,o__Eubacteriales,f__Aristaeellaceae,g__Aristaeella,s__Aristaeella_lactis,0,NA,0
OTU352,OTU352,d__Bacteria,k__norank_d__Bacteria,p__Mycoplasmatota,c__Mollicutes,o__Entomoplasmatales,f__Spiroplasmataceae,g__Spiroplasma,s__Spiroplasma_chinense,0,NA,0
OTU353,OTU353,d__Bacteria,k__norank_d__Bacteria,p__Bacillota,c__Clostridia,o__Eubacteriales,f__Lachnospiraceae,g__unclassified_f__Lachnospiraceae,s__unclassified_f__Lachnospiraceae,16,0.425287356,0.029529977
OTU354,OTU354,d__Bacteria,k__norank_d__Bacteria,p__Bacillota,c__Clostridia,o__Eubacteriales,f__norank_o__Eubacteriales,g__norank_o__Eubacteriales,s__Clostridiales_bacterium_CIEAF_021,1,1,0
OTU355,OTU355,d__Bacteria,k__norank_d__Bacteria,p__Bacillota,c__Clostridia,o__Eubacteriales,f__Oscillospiraceae,g__Fumia,s__Fumia_xinanensis,0,NA,0
OTU356,OTU356,d__Bacteria,k__norank_d__Bacteria,p__Bacillota,c__Clostridia,o__Eubacteriales,f__Oscillospiraceae,g__Congzhengia,s__Congzhengia_minquanensis,0,NA,0
OTU357,OTU357,d__Bacteria,k__norank_d__Bacteria,p__Bacillota,c__Clostridia,o__Eubacteriales,f__Oscillospiraceae,g__Merdimmobilis,s__Merdimmobilis_hominis,0,NA,0
OTU358,OTU358,d__Bacteria,k__norank_d__Bacteria,p__Bacillota,c__Clostridia,o__Eubacteriales,f__norank_o__Eubacteriales,g__Intestinimonas,s__unclassified_g__Intestinimonas,14,0.888888889,0.002443623
OTU359,OTU359,d__Bacteria,k__norank_d__Bacteria,p__Bacillota,c__Clostridia,o__Eubacteriales,f__Oscillospiraceae,g__norank_f__Oscillospiraceae,s__Eubacterium_siraeum,0,NA,0
OTU36,OTU36,d__Bacteria,k__norank_d__Bacteria,p__Bacillota,c__Clostridia,o__Eubacteriales,f__Clostridiaceae,g__Clostridium,s__Clostridium_sp._OM05-9BH,18,0.506849315,0.093531951
OTU360,OTU360,d__Bacteria,k__norank_d__Bacteria,p__Bacillota,c__Erysipelotrichia,o__Erysipelotrichales,f__Erysipelotrichaceae,g__norank_f__Erysipelotrichaceae,s__Erysipelotrichaceae_bacterium_MTC7,0,NA,0
OTU361,OTU361,d__Bacteria,k__norank_d__Bacteria,p__Bacillota,c__Clostridia,o__Eubacteriales,f__Clostridiaceae,g__Clostridium,s__Clostridium_scindens,1,1,0
OTU362,OTU362,d__Bacteria,k__norank_d__Bacteria,p__Bacteroidota,c__Bacteroidia,o__Bacteroidales,f__Rikenellaceae,g__Alistipes,s__Alistipes_finegoldii,0,NA,0
OTU363,OTU363,d__Bacteria,k__norank_d__Bacteria,p__Bacteroidota,c__Bacteroidia,o__Bacteroidales,f__Bacteroidaceae,g__Bacteroides,s__Bacteroides_intestinalis,14,0.888888889,0.002443623
OTU364,OTU364,d__Bacteria,k__norank_d__Bacteria,p__Bacillota,c__Clostridia,o__Eubacteriales,f__Oscillospiraceae,g__Acetivibrio,s__Acetivibrio_alkalicellulosi,0,NA,0
OTU365,OTU365,d__Bacteria,k__norank_d__Bacteria,p__Bacillota,c__Clostridia,o__Eubacteriales,f__Clostridiaceae,g__Clostridium,s__Clostridium_scindens,0,NA,0
OTU366,OTU366,d__Bacteria,k__norank_d__Bacteria,p__Bacillota,c__Clostridia,o__Eubacteriales,f__Lachnospiraceae,g__Lachnoclostridium,s__Lachnoclostridium_edouardi,0,NA,0
OTU367,OTU367,d__Bacteria,k__norank_d__Bacteria,p__Actinomycetota,c__Coriobacteriia,o__Coriobacteriales,f__Coriobacteriaceae,g__Parvibacter,s__Parvibacter_caecicola,0,NA,0
OTU368,OTU368,d__Bacteria,k__norank_d__Bacteria,p__Bacteroidota,c__Bacteroidia,o__Bacteroidales,f__Muribaculaceae,g__Paramuribaculum,s__Paramuribaculum_intestinale,0,NA,0
OTU369,OTU369,d__Bacteria,k__norank_d__Bacteria,p__Bacillota,c__Clostridia,o__Eubacteriales,f__Lachnospiraceae,g__unclassified_f__Lachnospiraceae,s__unclassified_f__Lachnospiraceae,0,NA,0
OTU37,OTU37,d__Bacteria,k__norank_d__Bacteria,p__Bacillota,c__norank_p__Bacillota,o__norank_p__Bacillota,f__norank_p__Bacillota,g__Candidatus_Faecenecus,s__Candidatus_Faecenecus_gallistercoris,18,0.506849315,0.093531951
OTU370,OTU370,d__Bacteria,k__norank_d__Bacteria,p__Bacillota,c__Clostridia,o__Eubacteriales,f__Oscillospiraceae,g__Acetivibrio,s__Acetivibrio_straminisolvens,0,NA,0
OTU371,OTU371,d__Bacteria,k__norank_d__Bacteria,p__Bacillota,c__Clostridia,o__Eubacteriales,f__Lachnospiraceae,g__Suilimivivens,s__Suilimivivens_aceti,1,1,0
OTU372,OTU372,d__Bacteria,k__norank_d__Bacteria,p__Bacillota,c__Clostridia,o__Eubacteriales,f__Oscillospiraceae,g__Acutalibacter,s__Acutalibacter_muris,1,1,0
OTU373,OTU373,d__Bacteria,k__norank_d__Bacteria,p__Bacillota,c__Clostridia,o__Eubacteriales,f__Oscillospiraceae,g__Acutalibacter,s__Acutalibacter_sp._1XD8-36,4,0.366336634,0.548294601
OTU374,OTU374,d__Bacteria,k__norank_d__Bacteria,p__Bacillota,c__Clostridia,o__Eubacteriales,f__Oscillospiraceae,g__Ruminococcus,s__Ruminococcus_flavefaciens,5,1,0
OTU375,OTU375,d__Bacteria,k__norank_d__Bacteria,p__Bacillota,c__Clostridia,o__Eubacteriales,f__Lachnospiraceae,g__Hominisplanchenecus,s__Hominisplanchenecus_faecis,0,NA,0
OTU376,OTU376,d__Bacteria,k__norank_d__Bacteria,p__Bacillota,c__Clostridia,o__Eubacteriales,f__Peptococcaceae,g__Dehalobacterium,s__Dehalobacterium_formicoaceticum,0,NA,0
OTU377,OTU377,d__Bacteria,k__norank_d__Bacteria,p__Bacillota,c__Clostridia,o__Eubacteriales,f__Clostridiaceae,g__Clostridium,s__Clostridium_scindens,1,0.318965517,0
OTU378,OTU378,d__Bacteria,k__norank_d__Bacteria,p__Bacillota,c__Clostridia,o__Eubacteriales,f__Eubacteriaceae,g__Anaerofustis,s__Anaerofustis_stercorihominis,1,1,0
OTU379,OTU379,d__Bacteria,k__norank_d__Bacteria,p__Bacillota,c__Clostridia,o__Eubacteriales,f__Oscillospiraceae,g__Solibaculum,s__Solibaculum_mannosilyticum,0,NA,0
OTU38,OTU38,d__Bacteria,k__norank_d__Bacteria,p__Bacillota,c__Clostridia,o__Eubacteriales,f__Lachnospiraceae,g__Marvinbryantia,s__Marvinbryantia_formatexigens,5,0.345794393,0.252781396
OTU380,OTU380,d__Bacteria,k__norank_d__Bacteria,p__Bacillota,c__Bacilli,o__Bacillales,f__Staphylococcaceae,g__Jeotgalicoccus,s__Jeotgalicoccus_nanhaiensis,0,NA,0
OTU381,OTU381,d__Bacteria,k__norank_d__Bacteria,p__Bacillota,c__Clostridia,o__Eubacteriales,f__Oscillospiraceae,g__Angelakisella,s__Angelakisella_massiliensis,0,NA,0
OTU382,OTU382,d__Bacteria,k__norank_d__Bacteria,p__Bacillota,c__Clostridia,o__Eubacteriales,f__Lachnospiraceae,g__unclassified_f__Lachnospiraceae,s__unclassified_f__Lachnospiraceae,0,NA,0
OTU383,OTU383,d__Bacteria,k__norank_d__Bacteria,p__Bacillota,c__Clostridia,o__Eubacteriales,f__Clostridiaceae,g__Clostridium,s__unclassified_g__Clostridium,1,1,0
OTU384,OTU384,d__Bacteria,k__norank_d__Bacteria,p__Bacillota,c__Clostridia,o__Eubacteriales,f__Eubacteriaceae,g__Rhabdanaerobium,s__Rhabdanaerobium_thermarum,4,0.24025974,0.077232248
OTU385,OTU385,d__Bacteria,k__norank_d__Bacteria,p__Bacillota,c__Clostridia,o__Eubacteriales,f__norank_o__Eubacteriales,g__norank_o__Eubacteriales,s__Clostridiales_bacterium_CIEAF_022,0,NA,0
OTU387,OTU387,d__Bacteria,k__norank_d__Bacteria,p__Bacillota,c__Clostridia,o__Eubacteriales,f__Clostridiaceae,g__Clostridium,s__Clostridium_sp._Culture-41,3,1,0
OTU388,OTU388,d__Bacteria,k__norank_d__Bacteria,p__Bacillota,c__Clostridia,o__Eubacteriales,f__Lachnospiraceae,g__Anaerostipes,s__Anaerostipes_sp._992a,14,0.888888889,0.002443623
OTU39,OTU39,d__Bacteria,k__norank_d__Bacteria,p__Bacillota,c__Clostridia,o__Eubacteriales,f__Lachnospiraceae,g__norank_f__Lachnospiraceae,s__Lachnospiraceae_bacterium_Choco86,3,0.336363636,0.071553406
OTU390,OTU390,d__Bacteria,k__norank_d__Bacteria,p__Bacillota,c__Clostridia,o__Eubacteriales,f__Oscillospiraceae,g__Solibaculum,s__Solibaculum_mannosilyticum,0,NA,0
OTU391,OTU391,d__Bacteria,k__norank_d__Bacteria,p__Bacillota,c__Bacilli,o__Lactobacillales,f__Streptococcaceae,g__Streptococcus,s__Streptococcus_respiraculi,5,1,0
OTU392,OTU392,d__Bacteria,k__norank_d__Bacteria,p__Bacillota,c__Clostridia,o__Eubacteriales,f__Eubacteriales_Family_XIII._Incertae_Sedis,g__Aminipila,s__Aminipila_butyrica,1,1,0
OTU393,OTU393,d__Bacteria,k__norank_d__Bacteria,p__Candidatus_Melainabacteria,c__norank_p__Candidatus_Melainabacteria,o__Candidatus_Gastranaerophilales,f__norank_o__Candidatus_Gastranaerophilales,g__norank_o__Candidatus_Gastranaerophilales,s__Candidatus_Gastranaerophilales_bacterium_HUM_6,1,1,0
OTU396,OTU396,d__Bacteria,k__norank_d__Bacteria,p__Bacillota,c__Clostridia,o__Eubacteriales,f__Oscillospiraceae,g__Pseudoclostridium,s__Pseudoclostridium_thermosuccinogenes,0,NA,0
OTU397,OTU397,d__Bacteria,k__norank_d__Bacteria,p__Bacteroidota,c__Bacteroidia,o__Bacteroidales,f__Porphyromonadaceae,g__norank_f__Porphyromonadaceae,s__Porphyromonadaceae_bacterium_UBA7139,0,NA,0
OTU398,OTU398,d__Bacteria,k__norank_d__Bacteria,p__norank_d__Bacteria,c__norank_d__Bacteria,o__norank_d__Bacteria,f__norank_d__Bacteria,g__norank_d__Bacteria,s__bacterium_c-19,1,1,0
OTU399,OTU399,d__Bacteria,k__norank_d__Bacteria,p__Bacillota,c__Clostridia,o__Eubacteriales,f__Lachnospiraceae,g__unclassified_f__Lachnospiraceae,s__unclassified_f__Lachnospiraceae,0,NA,0
OTU4,OTU4,d__Bacteria,k__norank_d__Bacteria,p__Bacillota,c__Clostridia,o__Eubacteriales,f__Oscillospiraceae,g__Petroclostridium,s__Petroclostridium_sp._X23,1,1,0
OTU40,OTU40,d__Bacteria,k__norank_d__Bacteria,p__Bacillota,c__Clostridia,o__Eubacteriales,f__Clostridiaceae,g__Clostridium,s__Clostridium_sp._OM05-9BH,5,0.300813008,0.413431352
OTU400,OTU400,d__Bacteria,k__norank_d__Bacteria,p__Bacteroidota,c__Bacteroidia,o__Bacteroidales,f__Odoribacteraceae,g__Culturomica,s__Culturomica_massiliensis,0,NA,0
OTU401,OTU401,d__Bacteria,k__norank_d__Bacteria,p__norank_d__Bacteria,c__norank_d__Bacteria,o__norank_d__Bacteria,f__norank_d__Bacteria,g__norank_d__Bacteria,s__bacterium_c-19,0,NA,0
OTU402,OTU402,d__Bacteria,k__norank_d__Bacteria,p__Bacillota,c__Erysipelotrichia,o__Erysipelotrichales,f__Erysipelotrichaceae,g__Candidatus_Stoquefichus,s__unclassified_g__Candidatus_Stoquefichus,2,1,0
OTU403,OTU403,d__Bacteria,k__norank_d__Bacteria,p__Bacteroidota,c__Bacteroidia,o__Bacteroidales,f__Muribaculaceae,g__Muribaculum,s__Muribaculum_intestinale,0,NA,0
OTU404,OTU404,d__Bacteria,k__norank_d__Bacteria,p__Bacillota,c__Clostridia,o__Eubacteriales,f__Clostridiaceae,g__Clostridium,s__Clostridium_sp._OM05-9BH,2,0.461538462,0
OTU405,OTU405,d__Bacteria,k__norank_d__Bacteria,p__Pseudomonadota,c__Gammaproteobacteria,o__Enterobacterales,f__Enterobacteriaceae,g__Klebsiella,s__Klebsiella_michiganensis,8,1,0
OTU406,OTU406,d__Bacteria,k__norank_d__Bacteria,p__Bacteroidota,c__Bacteroidia,o__Bacteroidales,f__Porphyromonadaceae,g__norank_f__Porphyromonadaceae,s__Porphyromonadaceae_bacterium_UBA7139,1,0.666666667,0
OTU407,OTU407,d__Bacteria,k__norank_d__Bacteria,p__Candidatus_Melainabacteria,c__norank_p__Candidatus_Melainabacteria,o__Candidatus_Gastranaerophilales,f__norank_o__Candidatus_Gastranaerophilales,g__norank_o__Candidatus_Gastranaerophilales,s__Candidatus_Gastranaerophilales_bacterium_HUM_6,1,1,0
OTU408,OTU408,d__Bacteria,k__norank_d__Bacteria,p__Bacteroidota,c__Bacteroidia,o__Bacteroidales,f__Porphyromonadaceae,g__norank_f__Porphyromonadaceae,s__Porphyromonadaceae_bacterium_UBA7139,0,NA,0
OTU409,OTU409,d__Bacteria,k__norank_d__Bacteria,p__Bacillota,c__Clostridia,o__Eubacteriales,f__Lachnospiraceae,g__Novisyntrophococcus,s__Novisyntrophococcus_fermenticellae,0,NA,0
OTU41,OTU41,d__Bacteria,k__norank_d__Bacteria,p__Bacillota,c__Clostridia,o__Eubacteriales,f__Lachnospiraceae,g__Marvinbryantia,s__Marvinbryantia_formatexigens,0,NA,0
OTU410,OTU410,d__Bacteria,k__norank_d__Bacteria,p__Bacillota,c__Clostridia,o__Eubacteriales,f__Lachnospiraceae,g__Anaerotignum,s__Anaerotignum_lactatifermentans,0,NA,0
OTU411,OTU411,d__Bacteria,k__norank_d__Bacteria,p__Bacillota,c__Clostridia,o__Eubacteriales,f__Eubacteriaceae,g__Eubacterium,s__Eubacterium_sp._14-2,0,NA,0
OTU412,OTU412,d__Bacteria,k__norank_d__Bacteria,p__Bacillota,c__Erysipelotrichia,o__Erysipelotrichales,f__Erysipelotrichaceae,g__Holdemania,s__Holdemania_massiliensis,14,0.888888889,0.002443623
OTU413,OTU413,d__Bacteria,k__norank_d__Bacteria,p__Actinomycetota,c__Nitriliruptoria,o__Euzebyales,f__Euzebyaceae,g__Euzebya,s__unclassified_g__Euzebya,5,1,0
OTU415,OTU415,d__Bacteria,k__norank_d__Bacteria,p__Actinomycetota,c__Actinomycetes,o__Mycobacteriales,f__Corynebacteriaceae,g__Corynebacterium,s__Corynebacterium_dentalis,0,NA,0
OTU416,OTU416,d__Bacteria,k__norank_d__Bacteria,p__Bacillota,c__Clostridia,o__Eubacteriales,f__Lachnospiraceae,g__Kineothrix,s__Kineothrix_alysoides,0,NA,0
OTU417,OTU417,d__Bacteria,k__norank_d__Bacteria,p__norank_d__Bacteria,c__norank_d__Bacteria,o__norank_d__Bacteria,f__norank_d__Bacteria,g__norank_d__Bacteria,s__bacterium_1XD8-76,0,NA,0
OTU418,OTU418,d__Bacteria,k__norank_d__Bacteria,p__Bacillota,c__Clostridia,o__Eubacteriales,f__Pumilibacteraceae,g__Pumilibacter,s__Pumilibacter_muris,14,0.888888889,0.002443623
OTU42,OTU42,d__Bacteria,k__norank_d__Bacteria,p__Bacillota,c__Clostridia,o__Eubacteriales,f__Lachnospiraceae,g__norank_f__Lachnospiraceae,s__Lachnospiraceae_bacterium_M18-1,1,1,0
OTU420,OTU420,d__Bacteria,k__norank_d__Bacteria,p__Mycoplasmatota,c__Mollicutes,o__Entomoplasmatales,f__Spiroplasmataceae,g__Spiroplasma,s__Spiroplasma_culicicola,0,NA,0
OTU421,OTU421,d__Bacteria,k__norank_d__Bacteria,p__Bacillota,c__Clostridia,o__Eubacteriales,f__Lachnospiraceae,g__norank_f__Lachnospiraceae,s__Lachnospiraceae_bacterium_M18-1,0,NA,0
OTU422,OTU422,d__Bacteria,k__norank_d__Bacteria,p__Bacillota,c__Clostridia,o__Eubacteriales,f__Lachnospiraceae,g__Suilimivivens,s__Suilimivivens_aceti,0,NA,0
OTU423,OTU423,d__Bacteria,k__norank_d__Bacteria,p__Bacillota,c__Clostridia,o__Candidatus_Borkfalkiales,f__Candidatus_Borkfalkiaceae,g__Candidatus_Borkfalkia,s__Candidatus_Borkfalkia_ceftriaxoniphila,4,1,0
OTU424,OTU424,d__Bacteria,k__norank_d__Bacteria,p__Bacillota,c__Clostridia,o__Eubacteriales,f__Oscillospiraceae,g__norank_f__Oscillospiraceae,s__Clostridium_viride,1,1,0
OTU426,OTU426,d__Bacteria,k__norank_d__Bacteria,p__Bacillota,c__Clostridia,o__Eubacteriales,f__Eubacteriaceae,g__norank_f__Eubacteriaceae,s__Eubacteriaceae_bacterium_Marseille-Q4139,0,NA,0
OTU428,OTU428,d__Bacteria,k__norank_d__Bacteria,p__Bacteroidota,c__Bacteroidia,o__Bacteroidales,f__Prevotellaceae,g__Prevotellamassilia,s__Prevotellamassilia_timonensis,0,NA,0
OTU429,OTU429,d__Bacteria,k__norank_d__Bacteria,p__Bacteroidota,c__Bacteroidia,o__Bacteroidales,f__Porphyromonadaceae,g__norank_f__Porphyromonadaceae,s__Porphyromonadaceae_bacterium_UBA7139,0,NA,0
OTU43,OTU43,d__Bacteria,k__norank_d__Bacteria,p__Bacillota,c__Clostridia,o__Eubacteriales,f__Clostridiaceae,g__Clostridium,s__Clostridium_sp._BNL1100,12,0.44047619,0.381094318
OTU430,OTU430,d__Bacteria,k__norank_d__Bacteria,p__Bacillota,c__Clostridia,o__Eubacteriales,f__Oscillospiraceae,g__Ruminococcus,s__Ruminococcus_hominis,0,NA,0
OTU431,OTU431,d__Bacteria,k__norank_d__Bacteria,p__Bacillota,c__Clostridia,o__Eubacteriales,f__Oscillospiraceae,g__Marasmitruncus,s__Marasmitruncus_massiliensis,14,0.888888889,0.002443623
OTU432,OTU432,d__Bacteria,k__norank_d__Bacteria,p__Bacillota,c__Clostridia,o__Eubacteriales,f__Lachnospiraceae,g__Lachnoclostridium,s__Lachnoclostridium_edouardi,0,NA,0
OTU434,OTU434,d__Bacteria,k__norank_d__Bacteria,p__Bacillota,c__Clostridia,o__Eubacteriales,f__Pumilibacteraceae,g__Pumilibacter,s__Pumilibacter_muris,18,0.506849315,0.093531951
OTU435,OTU435,d__Bacteria,k__norank_d__Bacteria,p__Bacillota,c__Clostridia,o__Eubacteriales,f__Oscillospiraceae,g__Pseudoclostridium,s__Pseudoclostridium_thermosuccinogenes,5,1,0
OTU44,OTU44,d__Bacteria,k__norank_d__Bacteria,p__Mycoplasmatota,c__Mollicutes,o__Entomoplasmatales,f__Spiroplasmataceae,g__Spiroplasma,s__Spiroplasma_chrysopicola,1,1,0
OTU45,OTU45,d__Bacteria,k__norank_d__Bacteria,p__Bacteroidota,c__Bacteroidia,o__Bacteroidales,f__Rikenellaceae,g__Alistipes,s__Alistipes_finegoldii,3,0.362745098,0.299318997
OTU46,OTU46,d__Bacteria,k__norank_d__Bacteria,p__Bacillota,c__Clostridia,o__Eubacteriales,f__Lachnospiraceae,g__Diplocloster,s__Diplocloster_agilis,1,0.666666667,0
OTU47,OTU47,d__Bacteria,k__norank_d__Bacteria,p__Bacillota,c__Clostridia,o__Eubacteriales,f__Oscillospiraceae,g__Pseudoclostridium,s__Pseudoclostridium_thermosuccinogenes,0,NA,0
OTU48,OTU48,d__Bacteria,k__norank_d__Bacteria,p__Bacillota,c__Clostridia,o__Eubacteriales,f__Oscillospiraceae,g__Acetivibrio,s__Acetivibrio_cellulolyticus,5,0.241830065,0.240782891
OTU49,OTU49,d__Bacteria,k__norank_d__Bacteria,p__Bacillota,c__Clostridia,o__Eubacteriales,f__Clostridiaceae,g__Clostridium,s__Clostridium_sp._MD294,0,NA,0
OTU5,OTU5,d__Bacteria,k__norank_d__Bacteria,p__Bacillota,c__Clostridia,o__Eubacteriales,f__Clostridiaceae,g__Clostridium,s__Clostridium_sp._Culture-41,0,NA,0
OTU50,OTU50,d__Bacteria,k__norank_d__Bacteria,p__Bacillota,c__Clostridia,o__Eubacteriales,f__Eubacteriaceae,g__Eubacterium,s__Eubacterium_sp._14-2,1,0.195767196,0
OTU51,OTU51,d__Bacteria,k__norank_d__Bacteria,p__Bacillota,c__Clostridia,o__Eubacteriales,f__Clostridiaceae,g__Clostridium,s__Clostridium_sp._AF36-4,18,0.506849315,0.093531951
OTU52,OTU52,d__Bacteria,k__norank_d__Bacteria,p__Pseudomonadota,c__Gammaproteobacteria,o__Enterobacterales,f__Enterobacteriaceae,g__Escherichia,s__Escherichia_coli,1,0.246666667,0
OTU53,OTU53,d__Bacteria,k__norank_d__Bacteria,p__norank_d__Bacteria,c__norank_d__Bacteria,o__norank_d__Bacteria,f__norank_d__Bacteria,g__norank_d__Bacteria,s__bacterium_1XD42-54,0,NA,0
OTU54,OTU54,d__Bacteria,k__norank_d__Bacteria,p__Bacillota,c__Clostridia,o__Eubacteriales,f__Lachnospiraceae,g__Lachnoclostridium,s__Lachnoclostridium_edouardi,0,NA,0
OTU55,OTU55,d__Bacteria,k__norank_d__Bacteria,p__Bacillota,c__Clostridia,o__Eubacteriales,f__Clostridiaceae,g__Clostridium,s__Clostridium_sp._Clone-1,1,1,0
OTU56,OTU56,d__Bacteria,k__norank_d__Bacteria,p__Candidatus_Melainabacteria,c__norank_p__Candidatus_Melainabacteria,o__Candidatus_Gastranaerophilales,f__norank_o__Candidatus_Gastranaerophilales,g__norank_o__Candidatus_Gastranaerophilales,s__Candidatus_Gastranaerophilales_bacterium_HUM_6,0,NA,0
OTU57,OTU57,d__Bacteria,k__norank_d__Bacteria,p__Bacillota,c__Clostridia,o__Eubacteriales,f__Oscillospiraceae,g__Acutalibacter,s__Acutalibacter_sp._1XD8-36,2,1,0.004543073
OTU58,OTU58,d__Bacteria,k__norank_d__Bacteria,p__Bacillota,c__Bacilli,o__Lactobacillales,f__Streptococcaceae,g__Lactococcus,s__Lactococcus_formosensis,0,NA,0
OTU59,OTU59,d__Bacteria,k__norank_d__Bacteria,p__Bacillota,c__Clostridia,o__Eubacteriales,f__Eubacteriaceae,g__Eubacterium,s__Eubacterium_sp._14-2,0,NA,0
OTU6,OTU6,d__Bacteria,k__norank_d__Bacteria,p__Bacillota,c__norank_p__Bacillota,o__norank_p__Bacillota,f__norank_p__Bacillota,g__norank_p__Bacillota,s__Firmicutes_bacterium_AM59-13,0,NA,0
OTU60,OTU60,d__Bacteria,k__norank_d__Bacteria,p__Bacillota,c__Clostridia,o__Eubacteriales,f__Lachnospiraceae,g__Lachnoclostridium,s__Lachnoclostridium_edouardi,1,0.666666667,0
OTU61,OTU61,d__Bacteria,k__norank_d__Bacteria,p__Bacillota,c__Clostridia,o__Eubacteriales,f__Oscillospiraceae,g__Acetivibrio,s__Acetivibrio_aldrichii,5,1,0
OTU62,OTU62,d__Bacteria,k__norank_d__Bacteria,p__Mycoplasmatota,c__Mollicutes,o__Entomoplasmatales,f__Spiroplasmataceae,g__Spiroplasma,s__Spiroplasma_phoeniceum,0,NA,0
OTU63,OTU63,d__Bacteria,k__norank_d__Bacteria,p__Bacillota,c__Clostridia,o__Eubacteriales,f__Christensenellaceae,g__Guopingia,s__Guopingia_tenuis,0,NA,0
OTU64,OTU64,d__Bacteria,k__norank_d__Bacteria,p__Bacillota,c__norank_p__Bacillota,o__norank_p__Bacillota,f__norank_p__Bacillota,g__Candidatus_Faecenecus,s__Candidatus_Faecenecus_gallistercoris,2,0.5,0
OTU65,OTU65,d__Bacteria,k__norank_d__Bacteria,p__Bacillota,c__Clostridia,o__Eubacteriales,f__Lachnospiraceae,g__unclassified_f__Lachnospiraceae,s__unclassified_f__Lachnospiraceae,0,NA,0
OTU66,OTU66,d__Bacteria,k__norank_d__Bacteria,p__Bacillota,c__Clostridia,o__Eubacteriales,f__Lachnospiraceae,g__Lachnoclostridium,s__Lachnoclostridium_edouardi,0,NA,0
OTU67,OTU67,d__Bacteria,k__norank_d__Bacteria,p__Bacillota,c__Clostridia,o__Eubacteriales,f__Aristaeellaceae,g__Aristaeella,s__Aristaeella_lactis,0,NA,0
OTU68,OTU68,d__Bacteria,k__norank_d__Bacteria,p__Bacillota,c__Clostridia,o__Eubacteriales,f__Lachnospiraceae,g__Laedolimicola,s__Laedolimicola_ammoniilytica,0,NA,0
OTU69,OTU69,d__Bacteria,k__norank_d__Bacteria,p__Bacillota,c__Clostridia,o__Eubacteriales,f__Lachnospiraceae,g__Roseburia,s__Roseburia_sp._1XD42-69,0,NA,0
OTU7,OTU7,d__Bacteria,k__norank_d__Bacteria,p__Bacillota,c__Clostridia,o__Eubacteriales,f__Eubacteriaceae,g__Eubacterium,s__Eubacterium_sp._14-2,3,1,0
OTU70,OTU70,d__Bacteria,k__norank_d__Bacteria,p__Bacillota,c__Clostridia,o__Eubacteriales,f__Clostridiaceae,g__Clostridium,s__Clostridium_sp._Clone-26,0,NA,0
OTU71,OTU71,d__Bacteria,k__norank_d__Bacteria,p__Bacillota,c__Bacilli,o__Lactobacillales,f__Lactobacillaceae,g__Limosilactobacillus,s__Limosilactobacillus_reuteri,0,NA,0
OTU72,OTU72,d__Bacteria,k__norank_d__Bacteria,p__Candidatus_Saccharibacteria,c__norank_p__Candidatus_Saccharibacteria,o__norank_p__Candidatus_Saccharibacteria,f__norank_p__Candidatus_Saccharibacteria,g__norank_p__Candidatus_Saccharibacteria,s__unclassified_g__norank_p__Candidatus_Saccharibacteria,0,NA,0
OTU73,OTU73,d__Bacteria,k__norank_d__Bacteria,p__Bacillota,c__Clostridia,o__Eubacteriales,f__Oscillospiraceae,g__Pseudoclostridium,s__Pseudoclostridium_thermosuccinogenes,0,NA,0
OTU74,OTU74,d__Bacteria,k__norank_d__Bacteria,p__norank_d__Bacteria,c__norank_d__Bacteria,o__norank_d__Bacteria,f__norank_d__Bacteria,g__norank_d__Bacteria,s__bacterium_1xD8-48,1,1,0
OTU75,OTU75,d__Bacteria,k__norank_d__Bacteria,p__Bacillota,c__Clostridia,o__Eubacteriales,f__unclassified_o__Eubacteriales,g__unclassified_o__Eubacteriales,s__unclassified_o__Eubacteriales,0,NA,0
OTU76,OTU76,d__Bacteria,k__norank_d__Bacteria,p__Bacteroidota,c__Bacteroidia,o__Bacteroidales,f__Muribaculaceae,g__Paramuribaculum,s__Paramuribaculum_intestinale,0,NA,0
OTU77,OTU77,d__Bacteria,k__norank_d__Bacteria,p__Bacteroidota,c__Bacteroidia,o__Bacteroidales,f__Bacteroidaceae,g__Bacteroides,s__Bacteroides_acidifaciens,0,NA,0
OTU78,OTU78,d__Bacteria,k__norank_d__Bacteria,p__Bacillota,c__Clostridia,o__Eubacteriales,f__Oscillospiraceae,g__Neglectibacter,s__Neglectibacter_sp._X58,0,NA,0
OTU79,OTU79,d__Bacteria,k__norank_d__Bacteria,p__Bacillota,c__Clostridia,o__Eubacteriales,f__Oscillospiraceae,g__Pseudoflavonifractor,s__Pseudoflavonifractor_sp._An184,0,NA,0
OTU8,OTU8,d__Bacteria,k__norank_d__Bacteria,p__Bacillota,c__Clostridia,o__Eubacteriales,f__Oscillospiraceae,g__Massiliimalia,s__Massiliimalia_massiliensis,0,NA,0
OTU80,OTU80,d__Bacteria,k__norank_d__Bacteria,p__Bacillota,c__Clostridia,o__Eubacteriales,f__Clostridiaceae,g__Butyricicoccus,s__Butyricicoccus_sp._Marseille-Q5471,0,NA,0
OTU81,OTU81,d__Bacteria,k__norank_d__Bacteria,p__Bacillota,c__Clostridia,o__Eubacteriales,f__Eubacteriaceae,g__norank_f__Eubacteriaceae,s__Eubacteriaceae_bacterium_Marseille-Q4139,1,1,0
OTU82,OTU82,d__Bacteria,k__norank_d__Bacteria,p__Bacillota,c__Clostridia,o__Eubacteriales,f__norank_o__Eubacteriales,g__norank_o__Eubacteriales,s__Clostridiales_bacterium_CIEAF_022,0,NA,0
OTU83,OTU83,d__Bacteria,k__norank_d__Bacteria,p__Bacillota,c__Clostridia,o__Eubacteriales,f__Clostridiaceae,g__Butyricicoccus,s__Butyricicoccus_sp._Marseille-Q5471,1,0.666666667,0
OTU84,OTU84,d__Bacteria,k__norank_d__Bacteria,p__Bacillota,c__Clostridia,o__Eubacteriales,f__Oscillospiraceae,g__Pseudoclostridium,s__Pseudoclostridium_thermosuccinogenes,3,0.327433628,0.130881154
OTU85,OTU85,d__Bacteria,k__norank_d__Bacteria,p__Bacillota,c__Clostridia,o__Eubacteriales,f__Clostridiaceae,g__norank_f__Clostridiaceae,s__Clostridiaceae_bacterium_MS3,0,NA,0
OTU86,OTU86,d__Bacteria,k__norank_d__Bacteria,p__Bacillota,c__Clostridia,o__Eubacteriales,f__Lachnospiraceae,g__Kineothrix,s__Kineothrix_alysoides,1,1,0
OTU87,OTU87,d__Bacteria,k__norank_d__Bacteria,p__Bacillota,c__Clostridia,o__Eubacteriales,f__Eubacteriaceae,g__Eubacterium,s__Eubacterium_sp._14-2,0,NA,0
OTU88,OTU88,d__Bacteria,k__norank_d__Bacteria,p__Bacillota,c__Clostridia,o__Eubacteriales,f__Lachnospiraceae,g__Blautia,s__Blautia_sp._MCC289,0,NA,0
OTU89,OTU89,d__Bacteria,k__norank_d__Bacteria,p__Bacteroidota,c__Bacteroidia,o__Bacteroidales,f__Porphyromonadaceae,g__norank_f__Porphyromonadaceae,s__Porphyromonadaceae_bacterium_UBA7139,0,NA,0
OTU9,OTU9,d__Bacteria,k__norank_d__Bacteria,p__Bacteroidota,c__Bacteroidia,o__Bacteroidales,f__Rikenellaceae,g__Alistipes,s__Alistipes_sp._cv1,1,1,0
OTU90,OTU90,d__Bacteria,k__norank_d__Bacteria,p__Bacillota,c__Clostridia,o__Eubacteriales,f__Lachnospiraceae,g__Acetatifactor,s__Acetatifactor_muris,4,1,0
OTU91,OTU91,d__Bacteria,k__norank_d__Bacteria,p__Bacillota,c__Clostridia,o__Eubacteriales,f__norank_o__Eubacteriales,g__Gemmiger,s__unclassified_g__Gemmiger,0,NA,0
OTU92,OTU92,d__Bacteria,k__norank_d__Bacteria,p__Bacteroidota,c__Bacteroidia,o__Bacteroidales,f__Odoribacteraceae,g__Odoribacter,s__Odoribacter_sp._Z80,0,NA,0
OTU93,OTU93,d__Bacteria,k__norank_d__Bacteria,p__Bacillota,c__Clostridia,o__Eubacteriales,f__Lachnospiraceae,g__Marvinbryantia,s__Marvinbryantia_formatexigens,3,0.264285714,0.004543073
OTU94,OTU94,d__Bacteria,k__norank_d__Bacteria,p__Bacillota,c__Clostridia,o__Eubacteriales,f__Lachnospiraceae,g__Lacrimispora,s__unclassified_g__Lacrimispora,0,NA,0
OTU95,OTU95,d__Bacteria,k__norank_d__Bacteria,p__Thermodesulfobacteriota,c__Desulfovibrionia,o__Desulfovibrionales,f__Desulfovibrionaceae,g__Mailhella,s__Mailhella_massiliensis,0,NA,0
OTU96,OTU96,d__Bacteria,k__norank_d__Bacteria,p__Bacillota,c__Bacilli,o__Lactobacillales,f__Lactobacillaceae,g__Lactobacillus,s__Lactobacillus_intestinalis,0,NA,0
OTU97,OTU97,d__Bacteria,k__norank_d__Bacteria,p__Bacillota,c__Clostridia,o__Eubacteriales,f__norank_o__Eubacteriales,g__Intestinimonas,s__Intestinimonas_butyriciproducens,1,1,0
OTU98,OTU98,d__Bacteria,k__norank_d__Bacteria,p__Bacillota,c__Clostridia,o__Eubacteriales,f__norank_o__Eubacteriales,g__norank_o__Eubacteriales,s__Clostridiales_bacterium_CIEAF_021,1,1,0
OTU99,OTU99,d__Bacteria,k__norank_d__Bacteria,p__Bacteroidota,c__Bacteroidia,o__Bacteroidales,f__Bacteroidaceae,g__Bacteroides,s__Bacteroides_faecichinchillae,0,NA,0